날짜,종가,오픈,고가,저가,거래량,변동 %
2021년 09월 01일,"76,800 ","76,600 ","77,100 ","75,900 ","84,000 ",0.13%
2021년 08월 31일,"76,700 ","74,800 ","76,700 ","74,300 ","1,670,000 ",2.82%
2021년 08월 30일,"74,600 ","75,400 ","75,400 ","74,200 ","429,000 ",0.40%
2021년 08월 27일,"74,300 ","74,300 ","75,000 ","73,800 ","15,060,000 ",-0.40%
2021년 08월 26일,"74,600 ","76,100 ","76,200 ","74,600 ","467,000 ",-1.45%
2021년 08월 25일,"75,700 ","76,200 ","76,500 ","74,900 ","200,000 ",0.13%
2021년 08월 24일,"75,600 ","73,900 ","75,700 ","73,900 ","37,000 ",3.14%
2021년 08월 23일,"73,300 ","73,300 ","74,000 ","73,000 ","19,300,000 ",0.83%
2021년 08월 20일,"72,700 ","73,500 ","73,900 ","72,500 ","22,120,000 ",-0.55%
2021년 08월 19일,"73,100 ","73,500 ","74,400 ","73,100 ","1,814,000 ",-1.08%
2021년 08월 18일,"73,900 ","73,900 ","74,600 ","73,100 ","28,930,000 ",-0.40%
2021년 08월 17일,"74,200 ","74,300 ","75,100 ","74,000 ","744,000 ",-0.27%
2021년 08월 13일,"74,400 ","75,800 ","76,000 ","74,100 ","60,800,000 ",-3.38%
2021년 08월 12일,"77,000 ","77,300 ","78,200 ","76,900 ","5,726,000 ",-1.91%
2021년 08월 11일,"78,500 ","79,600 ","79,800 ","78,500 ","29,830,000 ",-2.12%
2021년 08월 10일,"80,200 ","82,300 ","82,300 ","80,100 ","1,375,000 ",-1.60%
2021년 08월 09일,"81,500 ","81,500 ","82,300 ","80,900 ","15,370,000 ",0.00%
2021년 08월 06일,"81,500 ","81,900 ","82,500 ","81,300 ","13,280,000 ",-0.73%
2021년 08월 05일,"82,100 ","83,200 ","83,300 ","82,000 ","246,000 ",-0.97%
2021년 08월 04일,"82,900 ","82,100 ","83,100 ","81,800 ","2,581,000 ",1.84%
2021년 08월 03일,"81,400 ","79,400 ","81,400 ","79,300 ","146,000 ",2.65%
2021년 08월 02일,"79,300 ","79,100 ","79,500 ","78,700 ","155,000 ",1.02%
2021년 07월 30일,"78,500 ","78,900 ","78,900 ","78,500 ","13,120,000 ",-0.63%
2021년 07월 29일,"79,000 ","78,900 ","79,300 ","78,800 ","362,000 ",-0.25%
2021년 07월 28일,"79,200 ","78,200 ","79,200 ","78,100 ","900,000 ",0.89%
2021년 07월 27일,"78,500 ","79,100 ","79,300 ","78,500 ","444,000 ",-0.38%
2021년 07월 26일,"78,800 ","79,400 ","79,500 ","78,800 ","125,000 ",-0.63%
2021년 07월 23일,"79,300 ","79,700 ","79,900 ","79,200 ","8,980,000 ",-0.50%
2021년 07월 22일,"79,700 ","79,000 ","79,800 ","78,900 ","1,163,000 ",1.53%
2021년 07월 21일,"78,500 ","79,000 ","79,100 ","78,500 ","17,000 ",-0.63%
2021년 07월 20일,"79,000 ","78,600 ","79,000 ","78,400 ","55,000 ",0.00%
2021년 07월 19일,"79,000 ","79,200 ","79,200 ","78,800 ","248,000 ",-1.00%
2021년 07월 16일,"79,800 ","80,100 ","80,100 ","79,500 ","10,780,000 ",-0.99%
2021년 07월 15일,"80,600 ","79,800 ","80,600 ","79,500 ","70,000 ",1.38%
2021년 07월 14일,"79,500 ","79,400 ","79,600 ","79,100 ","11,410,000 ",-0.38%
2021년 07월 13일,"79,800 ","79,900 ","80,200 ","79,800 ","822,000 ",0.13%
2021년 07월 12일,"79,700 ","79,900 ","80,000 ","79,500 ","77,000 ",0.38%
2021년 07월 09일,"79,400 ","79,600 ","79,800 ","79,000 ","22,410,000 ",-0.63%
2021년 07월 08일,"79,900 ","81,100 ","81,100 ","79,900 ","682,000 ",-1.11%
2021년 07월 07일,"80,800 ","81,300 ","81,300 ","80,300 ","941,000 ",-0.49%
2021년 07월 06일,"81,200 ","80,500 ","81,200 ","80,500 ","2,257,000 ",1.00%
2021년 07월 05일,"80,400 ","80,200 ","80,800 ","80,000 ","76,000 ",0.50%
2021년 07월 02일,"80,000 ","80,000 ","80,400 ","79,900 ","8,180,000 ",-0.12%
2021년 07월 01일,"80,100 ","80,600 ","80,600 ","80,000 ","1,359,000 ",-0.74%
2021년 06월 30일,"80,700 ","81,200 ","81,400 ","80,700 ","97,000 ",-0.37%
2021년 06월 29일,"81,000 ","81,900 ","82,100 ","80,800 ","158,000 ",-1.10%
2021년 06월 28일,"81,900 ","81,700 ","82,000 ","81,600 ","5,664,000 ",0.37%
2021년 06월 25일,"81,600 ","81,500 ","81,900 ","81,200 ","12,970,000 ",0.49%
2021년 06월 24일,"81,200 ","80,300 ","81,400 ","80,100 ","211,000 ",1.37%
2021년 06월 23일,"80,100 ","80,600 ","80,600 ","79,900 ","225,000 ",0.13%
2021년 06월 22일,"80,000 ","80,200 ","80,300 ","79,900 ","138,000 ",0.13%
2021년 06월 21일,"79,900 ","79,700 ","80,000 ","79,600 ","15,990,000 ",-0.75%
2021년 06월 18일,"80,500 ","81,100 ","81,100 ","80,500 ","14,620,000 ",-0.49%
2021년 06월 17일,"80,900 ","81,200 ","81,200 ","80,700 ","39,000 ",-1.10%
2021년 06월 16일,"81,800 ","81,400 ","81,900 ","81,100 ","227,000 ",1.11%
2021년 06월 15일,"80,900 ","80,900 ","81,200 ","80,600 ","9,840,000 ",0.50%
2021년 06월 14일,"80,500 ","80,900 ","80,900 ","80,500 ","107,000 ",-0.62%
2021년 06월 11일,"81,000 ","81,200 ","81,700 ","80,700 ","13,810,000 ",0.00%
2021년 06월 10일,"81,000 ","81,400 ","81,400 ","80,900 ","32,000 ",-0.12%
2021년 06월 09일,"81,100 ","81,600 ","82,000 ","81,100 ","487,000 ",-0.98%
2021년 06월 08일,"81,900 ","82,300 ","82,600 ","81,800 ","1,346,000 ",0.00%
2021년 06월 07일,"81,900 ","82,700 ","82,800 ","81,600 ","395,000 ",-0.36%
2021년 06월 04일,"82,200 ","82,700 ","82,700 ","81,500 ","18,060,000 ",-0.72%
2021년 06월 03일,"82,800 ","81,300 ","83,000 ","81,100 ","1,210,000 ",2.48%
2021년 06월 02일,"80,800 ","80,400 ","81,400 ","80,300 ","127,000 ",0.25%
2021년 06월 01일,"80,600 ","80,400 ","81,200 ","80,100 ","406,000 ",0.12%
2021년 05월 31일,"80,500 ","80,300 ","80,600 ","79,600 ","13,280,000 ",0.50%
2021년 05월 28일,"80,100 ","79,800 ","80,400 ","79,400 ","12,270,000 ",0.63%
2021년 05월 27일,"79,600 ","80,000 ","80,000 ","79,100 ","151,000 ",-0.25%
2021년 05월 26일,"79,800 ","80,300 ","80,500 ","79,700 ","79,000 ",-0.13%
2021년 05월 25일,"79,900 ","80,000 ","80,400 ","79,800 ","12,550,000 ",0.25%
2021년 05월 24일,"79,700 ","80,100 ","80,400 ","79,500 ","88,000 ",-0.50%
2021년 05월 21일,"80,100 ","80,100 ","81,500 ","79,800 ","20,800,000 ",0.75%
2021년 05월 20일,"79,500 ","79,400 ","79,700 ","79,100 ","32,000 ",-0.13%
2021년 05월 18일,"79,600 ","79,600 ","80,000 ","79,100 ","17,270,000 ",0.00%
2021년 05월 17일,"79,600 ","80,900 ","80,900 ","79,200 ","645,000 ",-0.62%
2021년 05월 14일,"80,100 ","79,000 ","80,300 ","78,900 ","16,370,000 ",2.04%
2021년 05월 13일,"78,500 ","78,900 ","79,600 ","78,500 ","426,000 ",-1.88%
2021년 05월 12일,"80,000 ","80,900 ","81,100 ","79,800 ","971,000 ",-1.48%
2021년 05월 11일,"81,200 ","82,500 ","82,500 ","81,100 ","1,216,000 ",-2.40%
2021년 05월 10일,"83,200 ","82,300 ","83,500 ","81,800 ","702,000 ",1.59%
2021년 05월 07일,"81,900 ","81,800 ","82,100 ","81,500 ","12,800,000 ",-0.49%
2021년 05월 06일,"82,300 ","81,700 ","82,300 ","81,700 ","16,850,000 ",-0.36%
2021년 05월 04일,"82,600 ","81,900 ","82,600 ","81,800 ","12,290,000 ",1.10%
2021년 05월 03일,"81,700 ","81,000 ","82,400 ","81,000 ","15,580,000 ",0.25%
2021년 04월 30일,"81,500 ","81,900 ","82,100 ","81,500 ","17,260,000 ",-0.24%
2021년 04월 29일,"81,700 ","82,400 ","82,400 ","81,500 ","284,000 ",-0.49%
2021년 04월 28일,"82,100 ","83,100 ","83,200 ","82,100 ","680,000 ",-0.97%
2021년 04월 27일,"82,900 ","83,300 ","83,300 ","82,500 ","386,000 ",-0.72%
2021년 04월 26일,"83,500 ","82,900 ","83,500 ","82,600 ","337,000 ",0.85%
2021년 04월 23일,"82,800 ","81,900 ","82,900 ","81,600 ","17,740,000 ",0.49%
2021년 04월 22일,"82,400 ","82,800 ","83,000 ","82,400 ","815,000 ",-0.24%
2021년 04월 21일,"82,600 ","83,400 ","83,500 ","82,500 ","44,000 ",-1.55%
2021년 04월 20일,"83,900 ","83,300 ","84,000 ","83,200 ","440,000 ",0.72%
2021년 04월 19일,"83,300 ","83,900 ","84,000 ","83,300 ","1,108,000 ",-0.72%
2021년 04월 16일,"83,900 ","84,700 ","84,700 ","83,600 ","15,340,000 ",-0.24%
2021년 04월 15일,"84,100 ","83,700 ","84,500 ","83,400 ","101,000 ",0.12%
2021년 04월 14일,"84,000 ","84,100 ","84,300 ","83,400 ","437,000 ",0.00%
2021년 04월 13일,"84,000 ","83,000 ","84,500 ","82,900 ","105,000 ",0.96%
2021년 04월 12일,"83,200 ","84,000 ","84,100 ","83,100 ","1,647,000 ",-0.48%
2021년 04월 09일,"83,600 ","84,700 ","84,900 ","83,400 ","17,790,000 ",-1.30%
2021년 04월 08일,"84,700 ","85,700 ","85,700 ","84,100 ","19,170,000 ",-1.05%
2021년 04월 07일,"85,600 ","86,100 ","86,200 ","85,400 ","560,000 ",-0.47%
2021년 04월 06일,"86,000 ","86,100 ","86,200 ","85,100 ","1,026,000 ",0.70%
2021년 04월 05일,"85,400 ","85,800 ","86,000 ","84,800 ","84,000 ",0.71%
2021년 04월 02일,"84,800 ","84,000 ","85,200 ","83,900 ","22,890,000 ",2.29%
2021년 04월 01일,"82,900 ","82,400 ","83,000 ","82,000 ","93,000 ",1.84%
2021년 03월 31일,"81,400 ","82,100 ","82,100 ","81,400 ","54,000 ",-0.97%
2021년 03월 30일,"82,200 ","81,600 ","82,300 ","81,300 ","13,050,000 ",0.74%
2021년 03월 29일,"81,600 ","81,700 ","81,700 ","81,000 ","987,000 ",0.12%
2021년 03월 26일,"81,500 ","81,400 ","81,600 ","81,000 ","12,730,000 ",0.37%
2021년 03월 25일,"81,200 ","80,900 ","82,100 ","80,800 ","45,000 ",0.25%
2021년 03월 24일,"81,000 ","81,100 ","81,600 ","80,700 ","1,493,000 ",-0.98%
2021년 03월 23일,"81,800 ","82,500 ","82,800 ","81,800 ","598,000 ",-0.24%
2021년 03월 22일,"82,000 ","82,000 ","82,300 ","81,700 ","12,550,000 ",0.12%
2021년 03월 19일,"81,900 ","82,100 ","82,500 ","81,800 ","15,690,000 ",-1.21%
2021년 03월 18일,"82,900 ","82,800 ","83,800 ","82,600 ","215,000 ",0.73%
2021년 03월 17일,"82,300 ","82,800 ","82,800 ","82,100 ","3,200,000 ",-0.60%
2021년 03월 16일,"82,800 ","82,300 ","83,000 ","82,100 ","355,000 ",1.22%
2021년 03월 15일,"81,800 ","82,800 ","82,900 ","81,800 ","40,000 ",-1.21%
2021년 03월 12일,"82,800 ","83,100 ","83,500 ","82,400 ","13,410,000 ",0.98%
2021년 03월 11일,"82,000 ","81,000 ","82,500 ","81,000 ","96,000 ",1.36%
2021년 03월 10일,"80,900 ","82,400 ","82,500 ","80,700 ","886,000 ",-0.61%
2021년 03월 09일,"81,400 ","81,500 ","81,900 ","80,600 ","124,000 ",-0.73%
2021년 03월 08일,"82,000 ","83,000 ","83,000 ","81,600 ","672,000 ",-0.12%
2021년 03월 05일,"82,100 ","81,100 ","82,600 ","81,100 ","20,350,000 ",-0.36%
2021년 03월 04일,"82,400 ","82,700 ","83,100 ","82,200 ","875,000 ",-1.90%
2021년 03월 03일,"84,000 ","83,400 ","84,000 ","82,800 ","380,000 ",0.48%
2021년 03월 02일,"83,600 ","85,000 ","85,300 ","83,000 ","776,000 ",1.33%
2021년 02월 26일,"82,500 ","82,800 ","83,400 ","82,000 ","36,720,000 ",-3.28%
2021년 02월 25일,"85,300 ","84,000 ","85,400 ","83,000 ","635,000 ",4.02%
2021년 02월 24일,"82,000 ","81,900 ","83,600 ","81,400 ","98,000 ",0.00%
2021년 02월 23일,"82,000 ","81,300 ","82,900 ","81,100 ","703,000 ",-0.24%
2021년 02월 22일,"82,200 ","83,800 ","84,200 ","82,200 ","1,748,000 ",-0.48%
2021년 02월 19일,"82,600 ","82,300 ","82,800 ","81,000 ","25,470,000 ",0.61%
2021년 02월 18일,"82,100 ","83,200 ","83,600 ","82,100 ","2,428,000 ",-1.32%
2021년 02월 17일,"83,200 ","83,900 ","84,200 ","83,000 ","1,679,000 ",-2.00%
2021년 02월 16일,"84,900 ","84,500 ","86,000 ","84,200 ","2,426,000 ",0.83%
2021년 02월 15일,"84,200 ","83,700 ","84,500 ","83,400 ","80,000 ",3.19%
2021년 02월 10일,"81,600 ","82,600 ","82,600 ","81,600 ","22,580,000 ",-1.33%
2021년 02월 09일,"82,700 ","84,000 ","84,800 ","82,700 ","517,000 ",-0.36%
2021년 02월 08일,"83,000 ","83,800 ","84,200 ","83,000 ","214,000 ",-0.60%
2021년 02월 05일,"83,500 ","83,100 ","84,000 ","82,500 ","17,140,000 ",1.21%
2021년 02월 04일,"82,500 ","83,500 ","83,800 ","82,100 ","251,000 ",-2.48%
2021년 02월 03일,"84,600 ","84,800 ","85,400 ","83,400 ","889,000 ",0.24%
2021년 02월 02일,"84,400 ","84,100 ","86,300 ","83,700 ","51,000 ",1.69%
2021년 02월 01일,"83,000 ","81,800 ","83,400 ","81,000 ","145,000 ",1.22%
2021년 01월 29일,"82,000 ","84,500 ","85,000 ","82,000 ","36,700,000 ",-2.03%
2021년 01월 28일,"83,700 ","83,400 ","85,600 ","83,300 ","227,000 ",-2.22%
2021년 01월 27일,"85,600 ","86,700 ","87,700 ","85,600 ","2,596,000 ",-1.27%
2021년 01월 26일,"86,700 ","88,800 ","89,200 ","86,500 ","649,000 ",-3.02%
2021년 01월 25일,"89,400 ","87,100 ","89,900 ","86,400 ","2,511,000 ",3.00%
2021년 01월 22일,"86,800 ","89,000 ","89,700 ","86,800 ","30,430,000 ",-1.48%
2021년 01월 21일,"88,100 ","87,500 ","88,600 ","86,500 ","595,000 ",1.03%
2021년 01월 20일,"87,200 ","88,900 ","88,900 ","86,500 ","338,000 ",0.23%
2021년 01월 19일,"87,000 ","84,600 ","88,000 ","83,600 ","756,000 ",2.35%
2021년 01월 18일,"85,000 ","86,700 ","87,300 ","84,200 ","1,968,000 ",-3.41%
2021년 01월 15일,"88,000 ","89,800 ","91,800 ","88,000 ","33,120,000 ",-1.90%
2021년 01월 14일,"89,700 ","88,800 ","90,000 ","88,700 ","826,000 ",0.00%
2021년 01월 13일,"89,700 ","89,900 ","91,100 ","89,200 ","3,522,000 ",-0.99%
2021년 01월 12일,"90,600 ","90,500 ","91,300 ","87,900 ","2,949,000 ",-0.44%
2021년 01월 11일,"91,000 ","90,100 ","96,700 ","90,000 ","4,126,000 ",2.48%
2021년 01월 08일,"88,800 ","83,300 ","90,000 ","83,000 ","57,520,000 ",7.12%
2021년 01월 07일,"82,900 ","82,800 ","84,200 ","82,700 ","32,470,000 ",0.85%
2021년 01월 06일,"82,200 ","83,400 ","84,400 ","82,100 ","1,353,000 ",-2.03%
2021년 01월 05일,"83,900 ","81,700 ","83,900 ","81,700 ","814,000 ",1.08%
2021년 01월 04일,"83,000 ","81,000 ","84,300 ","80,300 ","2,425,000 ",2.47%
2020년 12월 30일,"81,000 ","77,400 ","81,300 ","77,300 ","29,120,000 ",3.45%
2020년 12월 29일,"78,300 ","78,800 ","78,900 ","77,300 ","1,286,000 ",-0.51%
2020년 12월 28일,"78,700 ","79,000 ","80,100 ","78,300 ","3,184,000 ",1.16%
2020년 12월 24일,"77,800 ","74,100 ","78,800 ","74,000 ","32,320,000 ",5.28%
2020년 12월 23일,"73,900 ","72,300 ","74,000 ","72,300 ","605,000 ",2.21%
2020년 12월 22일,"72,300 ","72,500 ","73,200 ","72,200 ","89,000 ",-0.96%
2020년 12월 21일,"73,000 ","73,100 ","73,400 ","72,000 ","165,000 ",0.00%
2020년 12월 18일,"73,000 ","73,300 ","73,700 ","73,000 ","17,380,000 ",-0.41%
2020년 12월 17일,"73,300 ","73,500 ","73,700 ","72,600 ","169,000 ",-0.68%
2020년 12월 16일,"73,800 ","74,200 ","74,500 ","73,400 ","66,000 ",0.00%
2020년 12월 15일,"73,800 ","73,800 ","74,100 ","73,300 ","20,480,000 ",0.00%
2020년 12월 14일,"73,800 ","73,600 ","74,500 ","73,200 ","644,000 ",0.54%
2020년 12월 11일,"73,400 ","73,500 ","73,800 ","73,100 ","18,420,000 ",0.69%
2020년 12월 10일,"72,900 ","72,800 ","73,800 ","72,500 ","99,000 ",-1.35%
2020년 12월 09일,"73,900 ","72,100 ","73,900 ","72,100 ","579,000 ",3.07%
2020년 12월 08일,"71,700 ","72,300 ","72,900 ","71,600 ","453,000 ",-1.65%
2020년 12월 07일,"72,900 ","72,400 ","73,500 ","72,000 ","647,000 ",1.96%
2020년 12월 04일,"71,500 ","70,400 ","72,100 ","70,100 ","27,840,000 ",2.58%
2020년 12월 03일,"69,700 ","69,500 ","70,500 ","69,300 ","22,000 ",0.29%
2020년 12월 02일,"69,500 ","68,400 ","69,900 ","68,300 ","27,830,000 ",2.51%
2020년 12월 01일,"67,800 ","67,200 ","68,300 ","67,100 ","26,000 ",1.65%
2020년 11월 30일,"66,700 ","68,400 ","68,600 ","66,700 ","39,860,000 ",-2.20%
2020년 11월 27일,"68,200 ","68,000 ","68,400 ","67,600 ","13,930,000 ",0.29%
2020년 11월 26일,"68,000 ","66,300 ","68,000 ","66,100 ","215,000 ",2.10%
2020년 11월 25일,"66,600 ","67,800 ","68,300 ","66,500 ","603,000 ",-1.62%
2020년 11월 24일,"67,700 ","67,800 ","69,400 ","67,000 ","223,000 ",0.30%
2020년 11월 23일,"67,500 ","64,800 ","67,800 ","64,800 ","102,000 ",4.33%
2020년 11월 20일,"64,700 ","63,900 ","65,200 ","63,900 ","14,840,000 ",0.15%
2020년 11월 19일,"64,600 ","64,200 ","64,800 ","63,900 ","215,000 ",-0.31%
2020년 11월 18일,"64,800 ","65,700 ","66,100 ","64,700 ","361,000 ",-1.37%
2020년 11월 17일,"65,700 ","66,900 ","66,900 ","65,700 ","1,863,000 ",-0.90%
2020년 11월 16일,"66,300 ","63,900 ","66,600 ","63,900 ","820,000 ",4.91%
2020년 11월 13일,"63,200 ","61,300 ","63,200 ","61,000 ","31,310,000 ",3.61%
2020년 11월 12일,"61,000 ","60,900 ","61,400 ","60,700 ","55,000 ",-0.49%
2020년 11월 11일,"61,300 ","60,700 ","61,400 ","60,400 ","656,000 ",1.83%
2020년 11월 10일,"60,200 ","60,500 ","60,500 ","59,500 ","703,000 ",0.00%
2020년 11월 09일,"60,200 ","60,700 ","60,900 ","60,100 ","162,000 ",0.17%
2020년 11월 06일,"60,100 ","60,700 ","60,800 ","59,600 ","16,820,000 ",-0.33%
2020년 11월 05일,"60,300 ","59,000 ","60,300 ","58,800 ","100,000 ",3.08%
2020년 11월 04일,"58,500 ","59,000 ","59,000 ","57,900 ","249,000 ",-0.51%
2020년 11월 03일,"58,800 ","57,800 ","58,900 ","57,700 ","14,000 ",2.44%
2020년 11월 02일,"57,400 ","56,400 ","57,500 ","56,000 ","158,000 ",1.41%
2020년 10월 30일,"56,600 ","58,000 ","58,000 ","56,600 ","26,280,000 ",-2.58%
2020년 10월 29일,"58,100 ","58,200 ","58,500 ","57,500 ","1,616,000 ",-1.53%
2020년 10월 28일,"59,000 ","59,400 ","59,400 ","58,800 ","66,000 ",-1.34%
2020년 10월 27일,"59,800 ","60,200 ","60,200 ","59,500 ","79,000 ",-0.99%
2020년 10월 26일,"60,400 ","60,300 ","61,100 ","60,100 ","221,000 ",0.33%
2020년 10월 23일,"60,200 ","60,400 ","60,400 ","59,800 ","8,430,000 ",0.17%
2020년 10월 22일,"60,100 ","60,400 ","60,500 ","59,800 ","39,000 ",-1.31%
2020년 10월 21일,"60,900 ","61,100 ","61,500 ","60,600 ","104,000 ",0.00%
2020년 10월 20일,"60,900 ","60,200 ","60,900 ","60,100 ","33,000 ",1.50%
2020년 10월 19일,"60,000 ","59,700 ","60,200 ","59,500 ","1,054,000 ",0.84%
2020년 10월 16일,"59,500 ","60,000 ","60,400 ","59,000 ","16,030,000 ",-0.83%
2020년 10월 15일,"60,000 ","60,800 ","60,800 ","59,700 ","480,000 ",-1.48%
2020년 10월 14일,"60,900 ","61,000 ","61,100 ","60,500 ","186,000 ",0.00%
2020년 10월 13일,"60,900 ","61,000 ","61,400 ","60,400 ","19,180,000 ",0.83%
2020년 10월 12일,"60,400 ","60,100 ","60,400 ","59,900 ","13,000 ",1.17%
2020년 10월 08일,"59,700 ","60,500 ","60,700 ","59,500 ","24,400,000 ",-0.33%
2020년 10월 07일,"59,900 ","58,700 ","59,900 ","58,500 ","12,000 ",1.53%
2020년 10월 06일,"59,000 ","59,400 ","59,800 ","58,700 ","178,000 ",0.51%
2020년 10월 05일,"58,700 ","57,700 ","59,200 ","57,700 ","14,000 ",0.86%
2020년 09월 29일,"58,200 ","58,300 ","59,000 ","58,200 ","13,540,000 ",0.00%
2020년 09월 28일,"58,200 ","58,300 ","58,800 ","57,900 ","12,560,000 ",0.52%
2020년 09월 25일,"57,900 ","57,700 ","58,200 ","57,700 ","10,580,000 ",0.17%
2020년 09월 24일,"57,800 ","57,700 ","58,600 ","57,600 ","17,490,000 ",-1.37%
2020년 09월 23일,"58,600 ","58,400 ","58,800 ","57,500 ","573,000 ",0.69%
2020년 09월 22일,"58,200 ","59,200 ","59,700 ","57,800 ","64,000 ",-1.69%
2020년 09월 21일,"59,200 ","59,100 ","60,000 ","59,000 ","14,950,000 ",-0.17%
2020년 09월 18일,"59,300 ","59,800 ","59,900 ","59,100 ","18,630,000 ",-0.34%
2020년 09월 17일,"59,500 ","60,600 ","60,800 ","59,300 ","1,107,000 ",-2.46%
2020년 09월 16일,"61,000 ","61,100 ","61,300 ","60,600 ","727,000 ",0.00%
2020년 09월 15일,"61,000 ","60,800 ","61,000 ","60,500 ","207,000 ",0.99%
2020년 09월 14일,"60,400 ","60,300 ","60,700 ","60,000 ","71,000 ",2.37%
2020년 09월 11일,"59,000 ","59,300 ","59,400 ","58,200 ","15,930,000 ",-0.34%
2020년 09월 10일,"59,200 ","59,800 ","60,000 ","59,100 ","750,000 ",1.37%
2020년 09월 09일,"58,400 ","58,300 ","59,300 ","57,800 ","188,000 ",-0.51%
2020년 09월 08일,"58,700 ","57,400 ","58,700 ","57,200 ","2,453,000 ",3.89%
2020년 09월 07일,"56,500 ","56,000 ","57,300 ","55,800 ","24,000 ",1.62%
2020년 09월 04일,"55,600 ","55,200 ","55,800 ","55,100 ","21,980,000 ",-1.42%
2020년 09월 03일,"56,400 ","55,500 ","56,700 ","55,500 ","665,000 ",3.68%
2020년 09월 02일,"54,400 ","54,600 ","55,100 ","54,100 ","69,000 ",0.37%
2020년 09월 01일,"54,200 ","54,100 ","54,800 ","54,100 ","17,390,000 ",0.37%
2020년 08월 31일,"54,000 ","56,000 ","56,100 ","54,000 ","227,000 ",-2.53%
2020년 08월 28일,"55,400 ","56,100 ","56,300 ","55,400 ","14,530,000 ",-0.36%
2020년 08월 27일,"55,600 ","56,300 ","56,300 ","55,600 ","182,000 ",-1.42%
2020년 08월 26일,"56,400 ","56,300 ","56,500 ","55,700 ","355,000 ",0.00%
2020년 08월 25일,"56,400 ","56,500 ","56,800 ","56,100 ","155,000 ",0.53%
2020년 08월 24일,"56,100 ","55,800 ","56,600 ","55,400 ","21,000 ",0.36%
2020년 08월 21일,"55,900 ","56,200 ","56,900 ","55,800 ","21,090,000 ",0.90%
2020년 08월 20일,"55,400 ","57,600 ","57,600 ","55,300 ","381,000 ",-4.15%
2020년 08월 19일,"57,800 ","59,000 ","59,200 ","57,800 ","1,842,000 ",-1.03%
2020년 08월 18일,"58,400 ","59,000 ","59,900 ","58,000 ","164,000 ",0.69%
2020년 08월 14일,"58,000 ","58,000 ","58,400 ","57,700 ","15,600,000 ",-1.19%
2020년 08월 13일,"58,700 ","59,300 ","59,500 ","58,000 ","1,101,000 ",-0.51%
2020년 08월 12일,"59,000 ","58,300 ","59,000 ","57,700 ","160,000 ",1.37%
2020년 08월 11일,"58,200 ","58,000 ","59,500 ","57,800 ","5,217,000 ",0.69%
2020년 08월 10일,"57,800 ","57,600 ","58,300 ","57,500 ","118,000 ",0.52%
2020년 08월 07일,"57,500 ","57,900 ","58,400 ","57,100 ","18,160,000 ",-0.86%
2020년 08월 06일,"58,000 ","57,200 ","58,400 ","57,100 ","787,000 ",1.93%
2020년 08월 05일,"56,900 ","57,400 ","57,400 ","56,300 ","631,000 ",-0.70%
2020년 08월 04일,"57,300 ","57,200 ","58,100 ","57,000 ","192,000 ",0.88%
2020년 08월 03일,"56,800 ","57,900 ","57,900 ","56,700 ","40,000 ",-1.90%
2020년 07월 31일,"57,900 ","59,500 ","59,600 ","57,700 ","21,860,000 ",-1.86%
2020년 07월 30일,"59,000 ","59,700 ","60,100 ","59,000 ","460,000 ",0.00%
2020년 07월 29일,"59,000 ","60,300 ","60,300 ","58,600 ","124,000 ",0.68%
2020년 07월 28일,"58,600 ","56,800 ","58,800 ","56,400 ","6,478,000 ",5.40%
2020년 07월 27일,"55,600 ","54,400 ","55,700 ","54,400 ","247,000 ",2.58%
2020년 07월 24일,"54,200 ","54,000 ","54,400 ","53,700 ","10,910,000 ",0.18%
2020년 07월 23일,"54,100 ","54,700 ","54,700 ","53,800 ","15,910,000 ",-1.10%
2020년 07월 22일,"54,700 ","55,300 ","55,500 ","54,700 ","304,000 ",-1.08%
2020년 07월 21일,"55,300 ","55,100 ","55,400 ","54,800 ","585,000 ",2.03%
2020년 07월 20일,"54,200 ","54,700 ","54,800 ","54,100 ","94,000 ",-0.37%
2020년 07월 17일,"54,400 ","54,200 ","54,700 ","54,100 ","10,040,000 ",1.12%
2020년 07월 16일,"53,800 ","54,800 ","54,800 ","53,800 ","329,000 ",-1.65%
2020년 07월 15일,"54,700 ","54,400 ","55,000 ","54,400 ","139,000 ",1.67%
2020년 07월 14일,"53,800 ","53,700 ","53,800 ","53,200 ","46,000 ",0.75%
2020년 07월 13일,"53,400 ","53,500 ","53,700 ","53,300 ","533,000 ",1.33%
2020년 07월 10일,"52,700 ","53,100 ","53,200 ","52,300 ","13,650,000 ",-0.19%
2020년 07월 09일,"52,800 ","53,300 ","53,600 ","52,800 ","264,000 ",-0.38%
2020년 07월 08일,"53,000 ","53,600 ","53,900 ","52,900 ","22,000 ",-0.75%
2020년 07월 07일,"53,400 ","55,900 ","55,900 ","53,400 ","1,378,000 ",-2.91%
2020년 07월 06일,"55,000 ","53,900 ","55,000 ","53,800 ","50,000 ",2.61%
2020년 07월 03일,"53,600 ","53,000 ","53,600 ","52,700 ","11,820,000 ",1.32%
2020년 07월 02일,"52,900 ","52,300 ","52,900 ","52,200 ","55,000 ",0.57%
2020년 07월 01일,"52,600 ","53,400 ","53,500 ","52,400 ","158,000 ",-0.38%
2020년 06월 30일,"52,800 ","53,800 ","53,800 ","52,800 ","4,000 ",0.76%
2020년 06월 29일,"52,400 ","52,600 ","53,200 ","52,000 ","6,000 ",-1.69%
2020년 06월 26일,"53,300 ","52,800 ","53,900 ","52,200 ","21,420,000 ",2.70%
2020년 06월 25일,"51,900 ","52,200 ","53,000 ","51,900 ","6,000 ",-1.89%
2020년 06월 24일,"52,900 ","51,900 ","53,900 ","51,600 ","228,000 ",2.92%
2020년 06월 23일,"51,400 ","52,500 ","52,700 ","51,100 ","170,000 ",-1.15%
2020년 06월 22일,"52,000 ","52,100 ","52,600 ","51,800 ","6,000 ",-1.70%
2020년 06월 19일,"52,900 ","52,600 ","52,900 ","51,600 ","17,470,000 ",1.15%
2020년 06월 18일,"52,300 ","52,100 ","52,300 ","51,600 ","482,000 ",0.19%
2020년 06월 17일,"52,200 ","52,500 ","52,600 ","52,000 ","2,281,000 ",0.19%
2020년 06월 16일,"52,100 ","51,200 ","52,100 ","50,600 ","21,420,000 ",4.41%
2020년 06월 15일,"49,900 ","51,400 ","52,000 ","49,900 ","170,000 ",-4.59%
2020년 06월 12일,"52,300 ","52,100 ","52,800 ","51,500 ","26,380,000 ",-3.68%
2020년 06월 11일,"54,300 ","54,500 ","55,100 ","53,200 ","117,000 ",-1.99%
2020년 06월 10일,"55,400 ","55,200 ","55,900 ","54,900 ","658,000 ",-0.18%
2020년 06월 09일,"55,500 ","55,900 ","56,400 ","54,500 ","1,226,000 ",1.09%
2020년 06월 08일,"54,900 ","56,500 ","56,500 ","54,700 ","50,000 ",-1.08%
2020년 06월 05일,"55,500 ","54,400 ","55,900 ","54,000 ","22,400,000 ",1.65%
2020년 06월 04일,"54,600 ","55,800 ","56,900 ","54,600 ","492,000 ",0.18%
2020년 06월 03일,"54,500 ","51,800 ","55,000 ","51,700 ","473,000 ",6.03%
2020년 06월 02일,"51,400 ","51,100 ","51,500 ","50,800 ","12,000 ",0.39%
2020년 06월 01일,"51,200 ","50,800 ","51,200 ","50,600 ","3,532,000 ",0.99%
2020년 05월 29일,"50,700 ","50,000 ","50,700 ","49,700 ","26,330,000 ",0.60%
2020년 05월 28일,"50,400 ","51,000 ","51,200 ","49,950 ","243,000 ",1.00%
2020년 05월 27일,"49,900 ","48,950 ","50,000 ","48,800 ","196,000 ",1.32%
2020년 05월 26일,"49,250 ","48,700 ","49,450 ","48,600 ","1,573,000 ",0.82%
2020년 05월 25일,"48,850 ","48,750 ","48,900 ","48,450 ","122,000 ",0.21%
2020년 05월 22일,"48,750 ","49,600 ","49,800 ","48,600 ","19,290,000 ",-2.40%
2020년 05월 21일,"49,950 ","50,300 ","50,400 ","49,850 ","14,580,000 ",-0.10%
2020년 05월 20일,"50,000 ","50,000 ","50,200 ","49,800 ","12,860,000 ",-0.60%
2020년 05월 19일,"50,300 ","50,100 ","50,500 ","49,700 ","824,000 ",3.07%
2020년 05월 18일,"48,800 ","47,950 ","49,100 ","47,600 ","21,000 ",1.99%
2020년 05월 15일,"47,850 ","48,400 ","48,450 ","47,700 ","17,790,000 ",-0.31%
2020년 05월 14일,"48,000 ","47,800 ","48,100 ","47,650 ","542,000 ",-1.13%
2020년 05월 13일,"48,550 ","47,250 ","48,550 ","47,200 ","2,696,000 ",1.36%
2020년 05월 12일,"47,900 ","48,400 ","48,500 ","47,550 ","22,070,000 ",-1.03%
2020년 05월 11일,"48,400 ","48,900 ","49,250 ","48,300 ","15,940,000 ",-0.82%
2020년 05월 08일,"48,800 ","49,100 ","49,350 ","48,800 ","15,130,000 ",0.00%
2020년 05월 07일,"48,800 ","49,200 ","49,300 ","48,700 ","13,730,000 ",-0.81%
2020년 05월 06일,"49,200 ","49,000 ","49,200 ","48,500 ","18,000,000 ",1.44%
2020년 05월 04일,"48,500 ","48,900 ","49,100 ","48,500 ","25,800,000 ",-3.00%
2020년 04월 29일,"50,000 ","49,900 ","50,500 ","49,600 ","15,560,000 ",-0.20%
2020년 04월 28일,"50,100 ","49,850 ","50,100 ","49,300 ","15,690,000 ",0.50%
2020년 04월 27일,"49,850 ","49,350 ","50,000 ","49,100 ","13,740,000 ",1.01%
2020년 04월 24일,"49,350 ","49,650 ","49,750 ","49,000 ","15,560,000 ",-1.00%
2020년 04월 23일,"49,850 ","50,200 ","50,300 ","49,500 ","17,930,000 ",0.00%
2020년 04월 22일,"49,850 ","48,700 ","50,000 ","48,350 ","18,540,000 ",1.22%
2020년 04월 21일,"49,250 ","49,400 ","49,700 ","48,700 ","26,890,000 ",-1.70%
2020년 04월 20일,"50,100 ","51,400 ","51,400 ","50,000 ","21,580,000 ",-2.53%
2020년 04월 17일,"51,400 ","50,800 ","52,000 ","50,300 ","31,740,000 ",4.90%
2020년 04월 16일,"49,000 ","49,350 ","49,350 ","48,550 ","22,570,000 ",0.00%
2020년 04월 14일,"49,000 ","48,800 ","49,200 ","48,300 ","14,100,000 ",1.45%
2020년 04월 13일,"48,300 ","48,650 ","48,900 ","48,300 ","14,380,000 ",-1.93%
2020년 04월 10일,"49,250 ","48,950 ","49,250 ","48,650 ","17,790,000 ",0.31%
2020년 04월 09일,"49,100 ","49,750 ","49,800 ","48,700 ","22,470,000 ",1.03%
2020년 04월 08일,"48,600 ","49,600 ","49,750 ","48,600 ","24,870,000 ",-2.02%
2020년 04월 07일,"49,600 ","49,650 ","50,200 ","49,000 ","31,240,000 ",1.85%
2020년 04월 06일,"48,700 ","47,500 ","48,800 ","47,250 ","23,090,000 ",3.62%
2020년 04월 03일,"47,000 ","47,400 ","47,600 ","46,550 ","22,460,000 ",0.43%
2020년 04월 02일,"46,800 ","46,200 ","46,850 ","45,350 ","21,410,000 ",2.18%
2020년 04월 01일,"45,800 ","47,450 ","47,900 ","45,800 ","27,080,000 ",-4.08%
2020년 03월 31일,"47,750 ","48,000 ","48,500 ","47,150 ","30,480,000 ",-0.21%
2020년 03월 30일,"47,850 ","47,050 ","48,350 ","46,550 ","26,670,000 ",-0.93%
2020년 03월 27일,"48,300 ","49,600 ","49,700 ","46,850 ","39,730,000 ",1.05%
2020년 03월 26일,"47,800 ","48,950 ","49,300 ","47,750 ","339,000 ",-1.75%
2020년 03월 25일,"48,650 ","48,950 ","49,600 ","47,150 ","4,501,000 ",3.62%
2020년 03월 24일,"46,950 ","43,800 ","46,950 ","43,100 ","89,000 ",10.47%
2020년 03월 23일,"42,500 ","42,600 ","43,550 ","42,400 ","2,915,000 ",-6.39%
2020년 03월 20일,"45,400 ","44,150 ","45,500 ","43,550 ","49,160,000 ",5.70%
2020년 03월 19일,"42,950 ","46,500 ","46,600 ","42,300 ","64,000 ",-5.81%
2020년 03월 18일,"45,600 ","47,750 ","48,350 ","45,600 ","38,150,000 ",-3.59%
2020년 03월 17일,"47,300 ","46,900 ","49,650 ","46,700 ","50,590,000 ",-3.27%
2020년 03월 16일,"48,900 ","50,100 ","50,900 ","48,800 ","33,060,000 ",-2.10%
2020년 03월 13일,"49,950 ","47,450 ","51,600 ","46,850 ","58,330,000 ",-1.67%
2020년 03월 12일,"50,800 ","51,000 ","51,900 ","49,300 ","47,900,000 ",-2.50%
2020년 03월 11일,"52,100 ","54,300 ","54,400 ","52,000 ","37,830,000 ",-4.58%
2020년 03월 10일,"54,600 ","53,800 ","54,900 ","53,700 ","31,330,000 ",0.74%
2020년 03월 09일,"54,200 ","54,700 ","55,000 ","53,600 ","30,010,000 ",-4.07%
2020년 03월 06일,"56,500 ","56,500 ","57,200 ","56,200 ","18,590,000 ",-2.25%
2020년 03월 05일,"57,800 ","57,600 ","58,000 ","56,700 ","21,660,000 ",0.70%
2020년 03월 04일,"57,400 ","54,800 ","57,600 ","54,600 ","24,320,000 ",3.61%
2020년 03월 03일,"55,400 ","56,700 ","56,900 ","55,100 ","29,810,000 ",0.73%
2020년 03월 02일,"55,000 ","54,300 ","55,500 ","53,600 ","29,210,000 ",1.48%
2020년 02월 28일,"54,200 ","55,000 ","55,500 ","54,200 ","29,910,000 ",-3.04%
2020년 02월 27일,"55,900 ","56,300 ","56,900 ","55,500 ","22,360,000 ",-1.06%
2020년 02월 26일,"56,500 ","56,000 ","57,000 ","56,000 ","25,380,000 ",-2.42%
2020년 02월 25일,"57,900 ","56,200 ","58,000 ","56,200 ","23,070,000 ",1.94%
2020년 02월 24일,"56,800 ","57,400 ","58,100 ","56,800 ","25,360,000 ",-4.05%
2020년 02월 21일,"59,200 ","58,800 ","59,800 ","58,500 ","13,280,000 ",-1.33%
2020년 02월 20일,"60,000 ","60,700 ","61,300 ","59,600 ","14,510,000 ",-0.33%
2020년 02월 19일,"60,200 ","59,800 ","60,400 ","59,400 ","12,940,000 ",0.67%
2020년 02월 18일,"59,800 ","60,800 ","60,900 ","59,700 ","16,630,000 ",-2.76%
2020년 02월 17일,"61,500 ","61,600 ","62,000 ","61,200 ","8,490,000 ",-0.49%
2020년 02월 14일,"61,800 ","60,900 ","61,900 ","60,200 ","13,260,000 ",1.81%
2020년 02월 13일,"60,700 ","61,200 ","61,600 ","60,500 ","18,340,000 ",0.33%
2020년 02월 12일,"60,500 ","60,300 ","60,700 ","59,700 ","12,730,000 ",1.00%
2020년 02월 11일,"59,900 ","59,800 ","60,700 ","59,700 ","10,950,000 ",0.34%
2020년 02월 10일,"59,700 ","59,200 ","59,800 ","59,100 ","12,690,000 ",-1.16%
2020년 02월 07일,"60,400 ","61,100 ","61,200 ","59,700 ","16,270,000 ",-1.15%
2020년 02월 06일,"61,100 ","60,100 ","61,100 ","59,700 ","14,680,000 ",2.69%
2020년 02월 05일,"59,500 ","60,000 ","60,200 ","58,900 ","18,190,000 ",1.02%
2020년 02월 04일,"58,900 ","57,100 ","59,000 ","56,800 ","21,100,000 ",2.97%
2020년 02월 03일,"57,200 ","55,500 ","57,400 ","55,200 ","22,910,000 ",1.42%
2020년 01월 31일,"56,400 ","57,800 ","58,400 ","56,400 ","19,490,000 ",-1.40%
2020년 01월 30일,"57,200 ","58,800 ","58,800 ","56,800 ","20,720,000 ",-3.21%
2020년 01월 29일,"59,100 ","59,100 ","59,700 ","58,800 ","16,260,000 ",0.51%
2020년 01월 28일,"58,800 ","59,400 ","59,400 ","58,300 ","22,630,000 ",-3.29%
2020년 01월 23일,"60,800 ","61,800 ","61,800 ","60,700 ","14,880,000 ",-2.41%
2020년 01월 22일,"62,300 ","60,500 ","62,600 ","60,400 ","15,050,000 ",1.47%
2020년 01월 21일,"61,400 ","62,000 ","62,400 ","61,200 ","11,110,000 ",-1.60%
2020년 01월 20일,"62,400 ","62,000 ","62,800 ","61,700 ","12,460,000 ",1.79%
2020년 01월 17일,"61,300 ","61,900 ","62,000 ","61,000 ","15,450,000 ",0.99%
2020년 01월 16일,"60,700 ","59,100 ","60,700 ","59,000 ","13,560,000 ",2.88%
2020년 01월 15일,"59,000 ","59,500 ","59,600 ","58,900 ","13,720,000 ",-1.67%
2020년 01월 14일,"60,000 ","60,400 ","61,000 ","59,900 ","16,080,000 ",0.00%
2020년 01월 13일,"60,000 ","59,600 ","60,000 ","59,100 ","11,260,000 ",0.84%
2020년 01월 10일,"59,500 ","58,800 ","59,700 ","58,300 ","15,830,000 ",1.54%
2020년 01월 09일,"58,600 ","58,400 ","58,600 ","57,400 ","23,230,000 ",3.17%
2020년 01월 08일,"56,800 ","56,200 ","57,400 ","55,900 ","23,330,000 ",1.79%
2020년 01월 07일,"55,800 ","55,700 ","56,400 ","55,600 ","9,890,000 ",0.54%
2020년 01월 06일,"55,500 ","54,900 ","55,600 ","54,600 ","10,240,000 ",0.00%
2020년 01월 03일,"55,500 ","56,000 ","56,600 ","54,900 ","15,310,000 ",0.54%
2020년 01월 02일,"55,200 ","55,500 ","56,000 ","55,000 ","12,760,000 ",-1.08%
2019년 12월 30일,"55,800 ","56,200 ","56,600 ","55,700 ","8,350,000 ",-1.24%
2019년 12월 27일,"56,500 ","55,700 ","56,900 ","55,500 ","12,290,000 ",1.99%
2019년 12월 26일,"55,400 ","54,700 ","55,400 ","54,400 ","9,570,000 ",0.73%
2019년 12월 24일,"55,000 ","55,600 ","55,700 ","54,800 ","9,190,000 ",-0.90%
2019년 12월 23일,"55,500 ","56,100 ","56,400 ","55,100 ","9,490,000 ",-0.89%
2019년 12월 20일,"56,000 ","56,100 ","56,500 ","55,600 ","12,070,000 ",0.00%
2019년 12월 19일,"56,000 ","57,000 ","57,300 ","55,500 ","13,950,000 ",-0.53%
2019년 12월 18일,"56,300 ","56,700 ","57,200 ","56,000 ","15,490,000 ",-0.71%
2019년 12월 17일,"56,700 ","55,800 ","56,700 ","55,400 ","18,750,000 ",3.66%
2019년 12월 16일,"54,700 ","54,500 ","54,900 ","54,300 ","11,100,000 ",0.00%
2019년 12월 13일,"54,700 ","54,500 ","54,800 ","53,900 ","17,590,000 ",2.63%
2019년 12월 12일,"53,300 ","53,000 ","53,300 ","52,700 ","28,450,000 ",2.70%
2019년 12월 11일,"51,900 ","51,500 ","52,200 ","51,400 ","11,000,000 ",0.78%
2019년 12월 10일,"51,500 ","51,000 ","51,600 ","50,700 ","6,870,000 ",0.59%
2019년 12월 09일,"51,200 ","50,900 ","51,400 ","50,700 ","8,270,000 ",1.59%
2019년 12월 06일,"50,400 ","50,100 ","50,900 ","49,950 ","10,870,000 ",1.82%
2019년 12월 05일,"49,500 ","50,200 ","50,400 ","49,500 ","10,020,000 ",0.10%
2019년 12월 04일,"49,450 ","49,600 ","49,850 ","49,000 ","12,960,000 ",-0.90%
2019년 12월 03일,"49,900 ","49,800 ","50,300 ","49,500 ","12,000,000 ",-0.99%
2019년 12월 02일,"50,400 ","50,900 ","51,300 ","50,400 ","9,590,000 ",0.20%
2019년 11월 29일,"50,300 ","51,200 ","51,400 ","50,200 ","11,010,000 ",-1.95%
2019년 11월 28일,"51,300 ","51,900 ","52,100 ","51,300 ","6,150,000 ",-1.72%
2019년 11월 27일,"52,200 ","51,800 ","52,300 ","51,600 ","7,190,000 ",0.77%
2019년 11월 26일,"51,800 ","51,900 ","52,900 ","51,800 ","26,040,000 ",0.00%
2019년 11월 25일,"51,800 ","52,200 ","52,600 ","51,700 ","9,010,000 ",0.39%
2019년 11월 22일,"51,600 ","51,000 ","51,600 ","50,900 ","8,330,000 ",1.18%
2019년 11월 21일,"51,000 ","51,600 ","52,100 ","50,600 ","14,250,000 ",-1.92%
2019년 11월 20일,"52,000 ","53,400 ","53,400 ","52,000 ","11,830,000 ",-2.80%
2019년 11월 19일,"53,500 ","53,200 ","53,500 ","52,700 ","8,100,000 ",0.00%
2019년 11월 18일,"53,500 ","53,600 ","53,800 ","53,200 ","7,650,000 ",-0.37%
2019년 11월 15일,"53,700 ","52,900 ","53,700 ","52,600 ","9,680,000 ",1.70%
2019년 11월 14일,"52,800 ","51,900 ","52,800 ","51,900 ","12,000,000 ",0.57%
2019년 11월 13일,"52,500 ","52,500 ","52,500 ","52,000 ","6,220,000 ",-0.19%
2019년 11월 12일,"52,600 ","51,800 ","52,600 ","51,600 ","6,100,000 ",1.94%
2019년 11월 11일,"51,600 ","52,200 ","52,200 ","51,400 ","8,180,000 ",-0.96%
2019년 11월 08일,"52,100 ","53,200 ","53,300 ","52,000 ","10,390,000 ",-1.51%
2019년 11월 07일,"52,900 ","53,400 ","53,400 ","52,400 ","9,140,000 ",-0.75%
2019년 11월 06일,"53,300 ","52,900 ","53,500 ","52,700 ","13,120,000 ",1.14%
2019년 11월 05일,"52,700 ","52,400 ","52,700 ","52,100 ","10,120,000 ",0.76%
2019년 11월 04일,"52,300 ","51,700 ","52,300 ","51,400 ","12,760,000 ",2.15%
2019년 11월 01일,"51,200 ","50,600 ","51,200 ","50,400 ","7,540,000 ",1.59%
2019년 10월 31일,"50,400 ","51,000 ","51,400 ","50,300 ","10,210,000 ",0.00%
2019년 10월 30일,"50,400 ","50,700 ","50,800 ","50,200 ","8,870,000 ",-1.37%
2019년 10월 29일,"51,100 ","51,400 ","51,700 ","50,800 ","7,140,000 ",-0.39%
2019년 10월 28일,"51,300 ","50,700 ","51,500 ","50,700 ","6,340,000 ",0.79%
2019년 10월 25일,"50,900 ","50,800 ","51,200 ","50,500 ","7,840,000 ",0.39%
2019년 10월 24일,"50,700 ","52,500 ","52,500 ","50,500 ","10,770,000 ",-0.98%
2019년 10월 23일,"51,200 ","51,300 ","51,500 ","50,800 ","8,460,000 ",0.00%
2019년 10월 22일,"51,200 ","50,800 ","51,500 ","50,700 ","10,710,000 ",1.79%
2019년 10월 21일,"50,300 ","49,900 ","50,400 ","49,800 ","4,390,000 ",0.80%
2019년 10월 18일,"49,900 ","50,300 ","50,900 ","49,650 ","8,400,000 ",-1.19%
2019년 10월 17일,"50,500 ","50,500 ","50,600 ","50,100 ","6,610,000 ",-0.39%
2019년 10월 16일,"50,700 ","50,700 ","50,900 ","50,400 ","9,010,000 ",1.20%
2019년 10월 15일,"50,100 ","49,900 ","50,200 ","49,900 ","5,900,000 ",0.20%
2019년 10월 14일,"50,000 ","50,000 ","50,300 ","49,850 ","10,870,000 ",1.73%
2019년 10월 11일,"49,150 ","49,000 ","49,450 ","48,800 ","7,730,000 ",1.24%
2019년 10월 10일,"48,550 ","48,200 ","49,200 ","48,000 ","17,840,000 ",-0.72%
2019년 10월 08일,"48,900 ","47,900 ","49,000 ","47,600 ","13,290,000 ",2.41%
2019년 10월 07일,"47,750 ","48,350 ","48,700 ","47,650 ","6,470,000 ",-0.52%
2019년 10월 04일,"48,000 ","47,400 ","48,650 ","47,350 ","8,460,000 ",0.84%
2019년 10월 02일,"47,600 ","48,350 ","48,400 ","47,600 ","8,370,000 ",-2.56%
2019년 10월 01일,"48,850 ","48,900 ","49,100 ","48,650 ","6,200,000 ",-0.41%
2019년 09월 30일,"49,050 ","48,050 ","49,250 ","47,900 ","9,200,000 ",1.34%
2019년 09월 27일,"48,400 ","48,000 ","48,700 ","48,000 ","8,030,000 ",-1.63%
2019년 09월 26일,"49,200 ","49,000 ","49,250 ","48,900 ","8,360,000 ",0.61%
2019년 09월 25일,"48,900 ","49,200 ","49,350 ","48,800 ","9,110,000 ",-1.21%
2019년 09월 24일,"49,500 ","49,050 ","49,650 ","48,850 ","7,840,000 ",0.41%
2019년 09월 23일,"49,300 ","49,250 ","49,300 ","49,000 ","7,400,000 ",0.20%
2019년 09월 20일,"49,200 ","49,400 ","49,600 ","49,100 ","14,910,000 ",0.10%
2019년 09월 19일,"49,150 ","48,050 ","49,200 ","47,850 ","15,190,000 ",3.04%
2019년 09월 18일,"47,700 ","46,900 ","47,700 ","46,800 ","9,820,000 ",1.71%
2019년 09월 17일,"46,900 ","47,000 ","47,100 ","46,800 ","5,990,000 ",-0.42%
2019년 09월 16일,"47,100 ","47,000 ","47,100 ","46,400 ","11,990,000 ",-0.11%
2019년 09월 11일,"47,150 ","47,300 ","47,400 ","46,800 ","16,120,000 ",0.32%
2019년 09월 10일,"47,000 ","47,100 ","47,200 ","46,550 ","9,160,000 ",0.21%
2019년 09월 09일,"46,900 ","46,450 ","47,000 ","46,300 ","9,170,000 ",1.30%
2019년 09월 06일,"46,300 ","46,500 ","46,500 ","45,850 ","9,700,000 ",1.31%
2019년 09월 05일,"45,700 ","44,800 ","46,100 ","44,450 ","17,820,000 ",3.63%
2019년 09월 04일,"44,100 ","43,250 ","44,100 ","43,150 ","11,480,000 ",1.97%
2019년 09월 03일,"43,250 ","43,550 ","43,650 ","43,100 ","8,520,000 ",-1.26%
2019년 09월 02일,"43,800 ","44,850 ","44,850 ","43,650 ","7,110,000 ",-0.45%
2019년 08월 30일,"44,000 ","43,750 ","44,300 ","43,750 ","8,780,000 ",1.38%
2019년 08월 29일,"43,400 ","44,200 ","44,200 ","43,050 ","10,130,000 ",-1.70%
2019년 08월 28일,"44,150 ","44,100 ","44,400 ","43,750 ","5,750,000 ",0.23%
2019년 08월 27일,"44,050 ","43,650 ","44,200 ","43,600 ","16,310,000 ",1.03%
2019년 08월 26일,"43,600 ","43,050 ","43,800 ","42,950 ","7,940,000 ",-0.80%
2019년 08월 23일,"43,950 ","43,800 ","44,200 ","43,650 ","4,640,000 ",-0.23%
2019년 08월 22일,"44,050 ","44,500 ","44,700 ","43,850 ","8,050,000 ",-1.01%
2019년 08월 21일,"44,500 ","44,350 ","44,800 ","44,150 ","6,520,000 ",0.11%
2019년 08월 20일,"44,450 ","43,950 ","44,600 ","43,550 ","8,410,000 ",1.95%
2019년 08월 19일,"43,600 ","44,350 ","44,350 ","43,500 ","5,970,000 ",-0.68%
2019년 08월 16일,"43,900 ","43,800 ","43,900 ","43,300 ","9,450,000 ",0.46%
2019년 08월 14일,"43,700 ","43,900 ","44,250 ","43,500 ","8,500,000 ",1.63%
2019년 08월 13일,"43,000 ","43,500 ","43,500 ","42,950 ","6,960,000 ",-1.60%
2019년 08월 12일,"43,700 ","44,000 ","44,000 ","43,550 ","7,270,000 ",1.27%
2019년 08월 09일,"43,150 ","43,250 ","43,350 ","43,050 ","9,080,000 ",1.17%
2019년 08월 08일,"42,650 ","43,250 ","43,500 ","42,650 ","16,000,000 ",-1.27%
2019년 08월 07일,"43,200 ","43,600 ","43,900 ","43,100 ","9,990,000 ",-0.69%
2019년 08월 06일,"43,500 ","42,500 ","43,800 ","42,500 ","15,060,000 ",-1.02%
2019년 08월 05일,"43,950 ","44,350 ","44,600 ","43,600 ","13,320,000 ",-2.22%
2019년 08월 02일,"44,950 ","44,550 ","45,500 ","44,300 ","11,820,000 ",-0.55%
2019년 08월 01일,"45,200 ","44,900 ","45,500 ","44,850 ","7,740,000 ",-0.33%
2019년 07월 31일,"45,350 ","46,200 ","46,600 ","45,000 ","12,820,000 ",-2.58%
2019년 07월 30일,"46,550 ","46,300 ","46,850 ","46,300 ","5,510,000 ",0.98%
2019년 07월 29일,"46,100 ","46,800 ","47,050 ","46,000 ","6,850,000 ",-2.23%
2019년 07월 26일,"47,150 ","46,650 ","47,150 ","46,550 ","7,670,000 ",-0.11%
2019년 07월 25일,"47,200 ","47,150 ","47,200 ","46,600 ","8,380,000 ",1.72%
2019년 07월 24일,"46,400 ","47,100 ","47,150 ","46,250 ","8,340,000 ",-1.90%
2019년 07월 23일,"47,300 ","47,350 ","47,550 ","47,050 ","8,900,000 ",0.21%
2019년 07월 22일,"47,200 ","46,800 ","47,300 ","46,600 ","9,010,000 ",0.85%
2019년 07월 19일,"46,800 ","46,650 ","46,950 ","46,600 ","7,980,000 ",1.52%
2019년 07월 18일,"46,100 ","46,450 ","46,450 ","45,650 ","4,950,000 ",0.11%
2019년 07월 17일,"46,050 ","46,150 ","46,350 ","45,950 ","5,210,000 ",-1.71%
2019년 07월 16일,"46,850 ","46,450 ","46,850 ","46,300 ","7,210,000 ",0.86%
2019년 07월 15일,"46,450 ","45,950 ","46,650 ","45,750 ","4,710,000 ",0.32%
2019년 07월 12일,"46,300 ","46,350 ","46,400 ","45,800 ","5,120,000 ",0.22%
2019년 07월 11일,"46,200 ","46,350 ","46,550 ","46,150 ","10,850,000 ",1.43%
2019년 07월 10일,"45,550 ","45,550 ","46,150 ","45,500 ","9,170,000 ",1.00%
2019년 07월 09일,"45,100 ","44,850 ","45,450 ","44,700 ","7,630,000 ",1.58%
2019년 07월 08일,"44,400 ","44,750 ","44,800 ","44,350 ","7,810,000 ",-2.74%
2019년 07월 05일,"45,650 ","45,950 ","45,950 ","45,250 ","7,220,000 ",-0.76%
2019년 07월 04일,"46,000 ","45,250 ","46,200 ","45,250 ","6,360,000 ",1.32%
2019년 07월 03일,"45,400 ","45,750 ","46,350 ","45,200 ","9,660,000 ",-1.84%
2019년 07월 02일,"46,250 ","46,200 ","46,900 ","45,850 ","8,430,000 ",-0.75%
2019년 07월 01일,"46,600 ","47,350 ","47,400 ","46,250 ","11,030,000 ",-0.85%
2019년 06월 28일,"47,000 ","47,000 ","47,000 ","46,700 ","12,250,000 ",1.08%
2019년 06월 27일,"46,500 ","46,000 ","46,600 ","45,750 ","12,580,000 ",1.75%
2019년 06월 26일,"45,700 ","45,800 ","46,000 ","45,600 ","9,020,000 ",0.22%
2019년 06월 25일,"45,600 ","45,200 ","45,800 ","45,200 ","6,870,000 ",0.22%
2019년 06월 24일,"45,500 ","45,200 ","45,800 ","45,200 ","6,070,000 ",-0.44%
2019년 06월 21일,"45,700 ","45,750 ","45,800 ","45,200 ","9,320,000 ",0.44%
2019년 06월 20일,"45,500 ","44,850 ","45,500 ","44,850 ","6,760,000 ",0.33%
2019년 06월 19일,"45,350 ","45,450 ","45,450 ","45,000 ","9,360,000 ",2.25%
2019년 06월 18일,"44,350 ","43,750 ","44,500 ","43,650 ","7,980,000 ",1.03%
2019년 06월 17일,"43,900 ","43,750 ","44,050 ","43,400 ","7,360,000 ",-0.23%
2019년 06월 14일,"44,000 ","43,750 ","44,150 ","43,300 ","8,310,000 ",0.57%
2019년 06월 13일,"43,750 ","44,200 ","44,400 ","43,400 ","16,890,000 ",-1.91%
2019년 06월 12일,"44,600 ","44,800 ","45,050 ","44,300 ","8,550,000 ",-0.56%
2019년 06월 11일,"44,850 ","44,800 ","45,000 ","44,550 ","6,630,000 ",0.11%
2019년 06월 10일,"44,800 ","44,300 ","44,850 ","44,050 ","8,620,000 ",1.36%
2019년 06월 07일,"44,200 ","43,600 ","44,350 ","43,450 ","11,620,000 ",0.68%
2019년 06월 05일,"43,900 ","44,050 ","44,200 ","43,700 ","10,820,000 ",1.04%
2019년 06월 04일,"43,450 ","43,400 ","43,700 ","43,000 ","9,870,000 ",-0.80%
2019년 06월 03일,"43,800 ","42,950 ","43,900 ","42,500 ","15,080,000 ",3.06%
2019년 05월 31일,"42,500 ","42,600 ","42,800 ","42,150 ","10,210,000 ",-0.12%
2019년 05월 30일,"42,550 ","42,200 ","42,700 ","42,150 ","9,980,000 ",1.79%
2019년 05월 29일,"41,800 ","41,850 ","42,100 ","41,300 ","14,520,000 ",-1.76%
2019년 05월 28일,"42,550 ","42,550 ","42,950 ","42,150 ","22,590,000 ",-0.23%
2019년 05월 27일,"42,650 ","42,500 ","43,000 ","42,350 ","7,440,000 ",-0.12%
2019년 05월 24일,"42,700 ","43,800 ","43,800 ","42,400 ","13,340,000 ",-2.62%
2019년 05월 23일,"43,850 ","43,900 ","44,000 ","43,250 ","12,190,000 ",0.80%
2019년 05월 22일,"43,500 ","43,700 ","43,800 ","42,400 ","10,700,000 ",0.81%
2019년 05월 21일,"43,150 ","42,600 ","43,950 ","42,350 ","18,690,000 ",2.74%
2019년 05월 20일,"42,000 ","41,650 ","42,100 ","41,550 ","13,110,000 ",1.94%
2019년 05월 17일,"41,200 ","41,950 ","42,050 ","40,850 ","12,290,000 ",-0.84%
2019년 05월 16일,"41,550 ","42,350 ","42,400 ","41,350 ","13,620,000 ",-2.35%
2019년 05월 15일,"42,550 ","42,700 ","43,050 ","42,550 ","7,660,000 ",-0.23%
2019년 05월 14일,"42,650 ","41,300 ","43,100 ","41,300 ","11,540,000 ",0.00%
2019년 05월 13일,"42,650 ","42,500 ","43,200 ","42,350 ","7,620,000 ",-0.58%
2019년 05월 10일,"42,900 ","42,600 ","43,450 ","42,450 ","13,510,000 ",1.06%
2019년 05월 09일,"42,450 ","43,900 ","44,250 ","42,450 ","22,040,000 ",-4.07%
2019년 05월 08일,"44,250 ","44,300 ","44,850 ","44,200 ","10,040,000 ",-1.34%
2019년 05월 07일,"44,850 ","45,250 ","45,300 ","44,400 ","11,960,000 ",-0.99%
2019년 05월 03일,"45,300 ","45,900 ","46,050 ","45,300 ","6,540,000 ",-1.31%
2019년 05월 02일,"45,900 ","45,500 ","46,150 ","45,400 ","8,620,000 ",0.11%
2019년 04월 30일,"45,850 ","46,000 ","46,300 ","45,350 ","10,160,000 ",-0.65%
2019년 04월 29일,"46,150 ","45,150 ","46,150 ","45,100 ","8,480,000 ",2.90%
2019년 04월 26일,"44,850 ","44,200 ","45,000 ","43,800 ","9,370,000 ",0.45%
2019년 04월 25일,"44,650 ","44,250 ","45,000 ","44,100 ","9,520,000 ",-0.22%
2019년 04월 24일,"44,750 ","45,400 ","45,650 ","44,150 ","12,180,000 ",-1.00%
2019년 04월 23일,"45,200 ","45,050 ","45,500 ","45,000 ","6,880,000 ",-0.33%
2019년 04월 22일,"45,350 ","45,400 ","45,900 ","45,100 ","5,900,000 ",0.11%
2019년 04월 19일,"45,300 ","45,750 ","46,000 ","45,250 ","8,350,000 ",-0.66%
2019년 04월 18일,"45,600 ","47,200 ","47,250 ","45,500 ","10,830,000 ",-3.08%
2019년 04월 17일,"47,050 ","47,300 ","47,600 ","47,000 ","5,470,000 ",-0.42%
2019년 04월 16일,"47,250 ","47,400 ","47,400 ","46,800 ","7,620,000 ",0.43%
2019년 04월 15일,"47,050 ","47,150 ","47,500 ","47,000 ","8,720,000 ",0.43%
2019년 04월 12일,"46,850 ","46,050 ","46,900 ","46,000 ","7,650,000 ",1.30%
2019년 04월 11일,"46,250 ","46,700 ","46,800 ","46,150 ","13,620,000 ",-0.96%
2019년 04월 10일,"46,700 ","46,400 ","46,700 ","46,050 ","10,350,000 ",0.11%
2019년 04월 09일,"46,650 ","46,700 ","46,950 ","46,200 ","6,880,000 ",0.00%
2019년 04월 08일,"46,650 ","47,250 ","47,250 ","46,150 ","8,490,000 ",-0.43%
2019년 04월 05일,"46,850 ","46,950 ","47,550 ","46,600 ","8,530,000 ",-0.21%
2019년 04월 04일,"46,950 ","46,150 ","47,100 ","46,150 ","11,440,000 ",0.75%
2019년 04월 03일,"46,600 ","46,750 ","46,750 ","45,800 ","12,000,000 ",1.86%
2019년 04월 02일,"45,750 ","45,550 ","46,100 ","45,350 ","8,900,000 ",1.55%
2019년 04월 01일,"45,050 ","45,200 ","45,450 ","44,850 ","6,790,000 ",0.90%
2019년 03월 29일,"44,650 ","44,500 ","44,900 ","44,200 ","11,000,000 ",-0.45%
2019년 03월 28일,"44,850 ","44,950 ","45,200 ","44,300 ","6,810,000 ",-1.10%
2019년 03월 27일,"45,350 ","44,750 ","45,600 ","44,250 ","9,320,000 ",0.22%
2019년 03월 26일,"45,250 ","45,500 ","45,700 ","44,900 ","9,650,000 ",-0.55%
2019년 03월 25일,"45,500 ","45,300 ","45,650 ","44,800 ","8,680,000 ",-2.26%
2019년 03월 22일,"46,550 ","46,850 ","47,000 ","46,250 ","12,490,000 ",1.53%
2019년 03월 21일,"45,850 ","44,600 ","46,250 ","44,050 ","21,030,000 ",4.09%
2019년 03월 20일,"44,050 ","43,800 ","44,200 ","43,100 ","9,830,000 ",0.34%
2019년 03월 19일,"43,900 ","43,750 ","43,900 ","43,550 ","7,600,000 ",0.46%
2019년 03월 18일,"43,700 ","43,950 ","44,150 ","43,450 ","8,160,000 ",-1.13%
2019년 03월 15일,"44,200 ","43,800 ","44,250 ","43,700 ","14,610,000 ",0.80%
2019년 03월 14일,"43,850 ","43,700 ","44,300 ","43,550 ","18,020,000 ",0.00%
2019년 03월 13일,"43,850 ","44,250 ","44,450 ","43,700 ","8,100,000 ",-1.79%
2019년 03월 12일,"44,650 ","44,300 ","44,950 ","44,150 ","10,830,000 ",2.29%
2019년 03월 11일,"43,650 ","44,400 ","44,450 ","43,650 ","8,510,000 ",-0.34%
2019년 03월 08일,"43,800 ","44,450 ","44,800 ","43,800 ","7,700,000 ",-1.46%
2019년 03월 07일,"44,450 ","43,400 ","44,950 ","43,400 ","10,990,000 ",1.02%
2019년 03월 06일,"44,000 ","44,000 ","44,300 ","43,700 ","9,950,000 ",-0.56%
2019년 03월 05일,"44,250 ","44,600 ","45,100 ","44,150 ","10,500,000 ",-1.34%
2019년 03월 04일,"44,850 ","46,000 ","46,100 ","44,800 ","12,670,000 ",-0.55%
2019년 02월 28일,"45,100 ","46,400 ","46,500 ","45,100 ","23,500,000 ",-3.53%
2019년 02월 27일,"46,750 ","47,000 ","47,250 ","46,750 ","7,690,000 ",0.00%
2019년 02월 26일,"46,750 ","47,350 ","47,450 ","46,500 ","7,980,000 ",-1.27%
2019년 02월 25일,"47,350 ","47,400 ","47,550 ","47,050 ","7,460,000 ",0.42%
2019년 02월 22일,"47,150 ","46,500 ","47,150 ","46,450 ","6,670,000 ",0.43%
2019년 02월 21일,"46,950 ","46,500 ","47,200 ","46,200 ","8,450,000 ",0.11%
2019년 02월 20일,"46,900 ","46,750 ","47,100 ","46,500 ","11,220,000 ",2.07%
2019년 02월 19일,"45,950 ","45,850 ","46,150 ","45,450 ","6,730,000 ",-0.54%
2019년 02월 18일,"46,200 ","46,500 ","46,850 ","45,850 ","8,170,000 ",0.33%
2019년 02월 15일,"46,050 ","46,750 ","46,850 ","45,650 ","10,540,000 ",-3.05%
2019년 02월 14일,"47,500 ","46,600 ","47,500 ","46,150 ","17,120,000 ",2.81%
2019년 02월 13일,"46,200 ","46,400 ","46,700 ","46,000 ","11,290,000 ",0.33%
2019년 02월 12일,"46,050 ","44,650 ","46,250 ","44,650 ","12,990,000 ",2.33%
2019년 02월 11일,"45,000 ","44,500 ","45,000 ","44,250 ","10,230,000 ",0.45%
2019년 02월 08일,"44,800 ","45,700 ","45,700 ","44,650 ","12,490,000 ",-3.03%
2019년 02월 07일,"46,200 ","46,800 ","47,100 ","46,200 ","15,640,000 ",-0.32%
2019년 02월 01일,"46,350 ","46,650 ","46,950 ","46,250 ","13,630,000 ",0.43%
2019년 01월 31일,"46,150 ","46,650 ","47,050 ","46,150 ","21,470,000 ",-0.54%
2019년 01월 30일,"46,400 ","44,800 ","46,400 ","44,800 ","17,060,000 ",1.98%
2019년 01월 29일,"45,500 ","45,050 ","45,500 ","44,350 ","15,050,000 ",1.00%
2019년 01월 28일,"45,050 ","45,000 ","45,500 ","44,600 ","17,600,000 ",0.67%
2019년 01월 25일,"44,750 ","44,300 ","44,750 ","43,750 ","21,940,000 ",3.95%
2019년 01월 24일,"43,050 ","43,050 ","43,100 ","42,350 ","14,170,000 ",2.50%
2019년 01월 23일,"42,000 ","41,350 ","42,250 ","41,350 ","10,380,000 ",-0.36%
2019년 01월 22일,"42,150 ","42,750 ","42,850 ","41,850 ","9,910,000 ",-1.40%
2019년 01월 21일,"42,750 ","42,700 ","42,750 ","41,900 ","11,340,000 ",1.06%
2019년 01월 18일,"42,300 ","42,000 ","42,400 ","41,950 ","9,730,000 ",0.83%
2019년 01월 17일,"41,950 ","41,700 ","42,100 ","41,450 ","11,570,000 ",1.21%
2019년 01월 16일,"41,450 ","41,150 ","41,450 ","40,700 ","8,480,000 ",0.85%
2019년 01월 15일,"41,100 ","40,050 ","41,100 ","39,850 ","11,220,000 ",2.62%
2019년 01월 14일,"40,050 ","40,450 ","40,700 ","39,850 ","11,980,000 ",-1.11%
2019년 01월 11일,"40,500 ","40,350 ","40,550 ","39,950 ","11,230,000 ",1.76%
2019년 01월 10일,"39,800 ","40,000 ","40,150 ","39,600 ","14,330,000 ",0.51%
2019년 01월 09일,"39,600 ","38,650 ","39,600 ","38,300 ","16,960,000 ",3.94%
2019년 01월 08일,"38,100 ","38,000 ","39,200 ","37,950 ","12,640,000 ",-1.68%
2019년 01월 07일,"38,750 ","38,000 ","38,900 ","37,800 ","11,940,000 ",3.47%
2019년 01월 04일,"37,450 ","37,450 ","37,600 ","36,850 ","13,300,000 ",-0.40%
2019년 01월 03일,"37,600 ","38,300 ","38,550 ","37,450 ","12,440,000 ",-2.97%
2019년 01월 02일,"38,750 ","39,400 ","39,400 ","38,550 ","7,790,000 ",0.13%
2018년 12월 28일,"38,700 ","38,250 ","38,900 ","38,200 ","9,720,000 ",1.18%
2018년 12월 27일,"38,250 ","38,700 ","38,800 ","38,100 ","10,460,000 ",-0.26%
2018년 12월 26일,"38,350 ","38,400 ","38,750 ","38,300 ","12,610,000 ",-1.16%
2018년 12월 24일,"38,800 ","38,500 ","39,050 ","38,300 ","9,720,000 ",0.39%
2018년 12월 21일,"38,650 ","38,200 ","38,650 ","38,100 ","14,040,000 ",0.00%
2018년 12월 20일,"38,650 ","38,600 ","39,100 ","38,500 ","10,560,000 ",-1.15%
2018년 12월 19일,"39,100 ","38,900 ","39,350 ","38,850 ","9,510,000 ",0.51%
2018년 12월 18일,"38,900 ","38,300 ","39,200 ","38,300 ","10,790,000 ",-0.64%
2018년 12월 17일,"39,150 ","38,650 ","39,600 ","38,650 ","11,440,000 ",0.51%
2018년 12월 14일,"38,950 ","40,200 ","40,200 ","38,700 ","18,810,000 ",-2.63%
2018년 12월 13일,"40,000 ","40,650 ","40,750 ","40,000 ","22,700,000 ",-1.11%
2018년 12월 12일,"40,450 ","40,250 ","40,700 ","40,150 ","10,610,000 ",0.50%
2018년 12월 11일,"40,250 ","40,600 ","40,700 ","40,200 ","10,600,000 ",0.12%
2018년 12월 10일,"40,200 ","40,450 ","40,650 ","40,000 ","13,290,000 ",-1.83%
2018년 12월 07일,"40,950 ","40,900 ","41,400 ","40,850 ","11,410,000 ",1.11%
2018년 12월 06일,"40,500 ","40,600 ","41,100 ","40,450 ","14,060,000 ",-2.29%
2018년 12월 05일,"41,450 ","40,900 ","41,750 ","40,850 ","12,030,000 ",-1.66%
2018년 12월 04일,"42,150 ","42,650 ","42,900 ","41,900 ","13,970,000 ",-2.54%
2018년 12월 03일,"43,250 ","42,750 ","43,400 ","42,400 ","11,620,000 ",3.35%
2018년 11월 30일,"41,850 ","43,450 ","44,000 ","41,750 ","19,080,000 ",-3.01%
2018년 11월 29일,"43,150 ","43,850 ","43,850 ","42,900 ","8,440,000 ",0.00%
2018년 11월 28일,"43,150 ","42,800 ","43,200 ","42,750 ","6,860,000 ",0.23%
2018년 11월 27일,"43,050 ","42,900 ","43,100 ","42,500 ","8,150,000 ",1.06%
2018년 11월 26일,"42,600 ","42,150 ","42,800 ","42,100 ","5,960,000 ",0.71%
2018년 11월 23일,"42,400 ","42,450 ","42,600 ","41,900 ","5,180,000 ",-0.12%
2018년 11월 22일,"42,450 ","42,000 ","42,650 ","42,000 ","5,950,000 ",0.83%
2018년 11월 21일,"42,100 ","41,800 ","42,300 ","41,800 ","10,680,000 ",-1.64%
2018년 11월 20일,"42,800 ","42,450 ","43,000 ","42,100 ","9,320,000 ",-1.95%
2018년 11월 19일,"43,650 ","44,050 ","44,250 ","43,450 ","7,500,000 ",-0.34%
2018년 11월 16일,"44,000 ","44,600 ","44,750 ","43,700 ","7,750,000 ",-0.56%
2018년 11월 15일,"44,250 ","44,050 ","44,350 ","43,500 ","5,850,000 ",0.34%
2018년 11월 14일,"44,100 ","44,500 ","44,500 ","43,800 ","6,560,000 ",-0.90%
2018년 11월 13일,"44,500 ","43,900 ","44,500 ","43,400 ","9,020,000 ",-1.55%
2018년 11월 12일,"45,200 ","43,850 ","45,250 ","43,700 ","8,490,000 ",3.20%
2018년 11월 09일,"44,300 ","44,450 ","44,850 ","43,900 ","7,190,000 ",0.57%
2018년 11월 08일,"44,050 ","44,900 ","45,050 ","44,050 ","12,320,000 ",0.11%
2018년 11월 07일,"44,000 ","43,600 ","44,500 ","43,400 ","11,540,000 ",0.57%
2018년 11월 06일,"43,750 ","43,750 ","43,800 ","42,950 ","7,360,000 ",-0.11%
2018년 11월 05일,"43,800 ","43,750 ","43,800 ","42,900 ","9,180,000 ",0.23%
2018년 11월 02일,"44,150 ","43,050 ","44,250 ","42,800 ","16,500,000 ",4.74%
2018년 11월 01일,"42,150 ","42,450 ","42,950 ","42,150 ","12,920,000 ",-0.59%
2018년 10월 31일,"42,400 ","42,900 ","43,350 ","41,700 ","16,990,000 ",0.12%
2018년 10월 30일,"42,350 ","41,400 ","43,000 ","41,000 ","14,190,000 ",2.29%
2018년 10월 29일,"41,400 ","40,850 ","41,950 ","40,550 ","13,030,000 ",0.98%
2018년 10월 26일,"41,000 ","41,100 ","41,300 ","40,400 ","14,000,000 ",0.00%
2018년 10월 25일,"41,000 ","40,600 ","41,550 ","40,550 ","18,580,000 ",-3.64%
2018년 10월 24일,"42,550 ","43,050 ","43,100 ","42,250 ","13,490,000 ",-1.16%
2018년 10월 23일,"43,050 ","43,300 ","43,450 ","42,550 ","9,440,000 ",-1.15%
2018년 10월 22일,"43,550 ","43,450 ","43,950 ","43,200 ","7,790,000 ",0.23%
2018년 10월 19일,"43,900 ","43,900 ","44,150 ","43,450 ","7,780,000 ",-0.34%
2018년 10월 18일,"44,050 ","43,950 ","44,450 ","43,700 ","8,090,000 ",-0.23%
2018년 10월 17일,"44,150 ","44,150 ","44,500 ","44,000 ","8,300,000 ",1.26%
2018년 10월 16일,"43,600 ","43,700 ","44,150 ","43,350 ","6,800,000 ",-0.46%
2018년 10월 15일,"43,800 ","44,050 ","44,050 ","43,350 ","7,190,000 ",-0.45%
2018년 10월 12일,"44,000 ","43,200 ","44,650 ","43,200 ","12,370,000 ",2.09%
2018년 10월 11일,"43,100 ","44,000 ","44,650 ","43,100 ","18,870,000 ",-4.86%
2018년 10월 10일,"45,300 ","45,250 ","45,500 ","44,500 ","9,750,000 ",0.78%
2018년 10월 08일,"44,950 ","44,200 ","45,200 ","44,200 ","6,570,000 ",0.56%
2018년 10월 05일,"44,700 ","44,800 ","45,500 ","44,550 ","10,510,000 ",0.00%
2018년 10월 04일,"44,700 ","45,150 ","45,600 ","44,700 ","11,340,000 ",-2.19%
2018년 10월 02일,"45,700 ","46,450 ","46,700 ","45,700 ","6,340,000 ",-1.40%
2018년 10월 01일,"46,350 ","46,450 ","46,800 ","45,800 ","6,310,000 ",-0.22%
2018년 09월 28일,"46,450 ","47,250 ","47,250 ","46,300 ","10,810,000 ",-2.21%
2018년 09월 27일,"47,500 ","46,950 ","47,500 ","46,450 ","15,260,000 ",0.21%
2018년 09월 21일,"47,400 ","46,550 ","47,550 ","46,550 ","14,390,000 ",0.32%
2018년 09월 20일,"47,250 ","46,850 ","47,600 ","46,400 ","13,400,000 ",2.38%
2018년 09월 19일,"46,150 ","46,000 ","46,200 ","45,700 ","9,260,000 ",1.43%
2018년 09월 18일,"45,500 ","44,950 ","45,900 ","44,700 ","8,970,000 ",0.78%
2018년 09월 17일,"45,150 ","45,550 ","45,800 ","44,900 ","8,100,000 ",-1.53%
2018년 09월 14일,"45,850 ","45,000 ","45,850 ","44,900 ","12,030,000 ",4.09%
2018년 09월 13일,"44,050 ","44,550 ","44,750 ","44,000 ","17,930,000 ",-1.12%
2018년 09월 12일,"44,550 ","44,900 ","45,100 ","44,500 ","11,170,000 ",-1.11%
2018년 09월 11일,"45,050 ","45,550 ","45,900 ","45,050 ","7,810,000 ",-0.99%
2018년 09월 10일,"45,500 ","45,450 ","45,550 ","45,000 ","7,870,000 ",1.34%
2018년 09월 07일,"44,900 ","44,500 ","45,200 ","44,400 ","17,730,000 ",-2.60%
2018년 09월 06일,"46,100 ","46,200 ","46,400 ","45,800 ","8,570,000 ",-1.07%
2018년 09월 05일,"46,600 ","47,300 ","47,450 ","46,400 ","9,100,000 ",-2.20%
2018년 09월 04일,"47,650 ","47,550 ","47,800 ","47,200 ","6,610,000 ",0.42%
2018년 09월 03일,"47,450 ","48,200 ","48,300 ","47,300 ","7,910,000 ",-2.06%
2018년 08월 31일,"48,450 ","47,100 ","48,450 ","47,000 ","13,510,000 ",1.68%
2018년 08월 30일,"47,650 ","46,950 ","47,950 ","46,700 ","12,160,000 ",1.82%
2018년 08월 29일,"46,800 ","46,750 ","46,800 ","46,400 ","5,500,000 ",0.54%
2018년 08월 28일,"46,550 ","46,800 ","46,950 ","46,300 ","7,230,000 ",0.54%
2018년 08월 27일,"46,300 ","46,100 ","46,550 ","46,000 ","5,110,000 ",0.33%
2018년 08월 24일,"46,150 ","45,900 ","46,400 ","45,550 ","6,440,000 ",-0.11%
2018년 08월 23일,"46,200 ","46,150 ","46,200 ","45,700 ","6,600,000 ",0.22%
2018년 08월 22일,"46,100 ","45,150 ","46,200 ","44,900 ","11,630,000 ",2.90%
2018년 08월 21일,"44,800 ","43,700 ","44,900 ","43,700 ","9,470,000 ",2.17%
2018년 08월 20일,"43,850 ","43,500 ","44,200 ","43,500 ","7,200,000 ",-0.57%
2018년 08월 17일,"44,100 ","44,050 ","44,400 ","44,050 ","6,540,000 ",-0.34%
2018년 08월 16일,"44,250 ","43,800 ","44,650 ","43,700 ","10,070,000 ",-1.99%
2018년 08월 14일,"45,150 ","44,850 ","45,400 ","44,850 ","6,370,000 ",0.22%
2018년 08월 13일,"45,050 ","44,950 ","45,100 ","44,650 ","9,780,000 ",-0.77%
2018년 08월 10일,"45,400 ","46,150 ","46,400 ","44,850 ","16,530,000 ",-3.20%
2018년 08월 09일,"46,900 ","47,000 ","47,050 ","46,450 ","11,400,000 ",0.21%
2018년 08월 08일,"46,800 ","47,000 ","47,000 ","46,550 ","6,370,000 ",0.21%
2018년 08월 07일,"46,700 ","46,300 ","46,750 ","45,900 ","9,020,000 ",1.97%
2018년 08월 06일,"45,800 ","46,150 ","46,150 ","45,750 ","6,700,000 ",0.11%
2018년 08월 03일,"45,750 ","45,850 ","45,900 ","45,450 ","7,440,000 ",0.44%
2018년 08월 02일,"45,550 ","46,550 ","46,800 ","45,500 ","7,930,000 ",-2.15%
2018년 08월 01일,"46,550 ","46,050 ","46,850 ","46,050 ","7,090,000 ",0.65%
2018년 07월 31일,"46,250 ","46,200 ","46,450 ","46,000 ","7,590,000 ",-0.54%
2018년 07월 30일,"46,500 ","46,550 ","46,800 ","46,350 ","5,520,000 ",-0.85%
2018년 07월 27일,"46,900 ","46,450 ","47,000 ","46,450 ","4,750,000 ",0.00%
2018년 07월 26일,"46,900 ","46,100 ","47,000 ","46,000 ","7,340,000 ",1.63%
2018년 07월 25일,"46,150 ","46,250 ","46,550 ","45,900 ","7,210,000 ",0.00%
2018년 07월 24일,"46,150 ","46,350 ","46,600 ","45,950 ","7,920,000 ",-0.75%
2018년 07월 23일,"46,500 ","47,100 ","47,200 ","46,150 ","10,810,000 ",-2.00%
2018년 07월 20일,"47,450 ","47,000 ","47,600 ","46,700 ","10,230,000 ",1.17%
2018년 07월 19일,"46,900 ","47,050 ","47,200 ","46,600 ","9,700,000 ",0.75%
2018년 07월 18일,"46,550 ","46,700 ","47,200 ","46,450 ","10,880,000 ",1.53%
2018년 07월 17일,"45,850 ","46,150 ","46,200 ","45,600 ","8,760,000 ",-0.43%
2018년 07월 16일,"46,050 ","46,800 ","46,800 ","46,000 ","7,540,000 ",-0.97%
2018년 07월 13일,"46,500 ","45,800 ","46,500 ","45,750 ","10,960,000 ",2.20%
2018년 07월 12일,"45,500 ","45,900 ","46,250 ","45,450 ","11,780,000 ",-1.09%
2018년 07월 11일,"46,000 ","46,400 ","46,450 ","45,400 ","10,820,000 ",-0.65%
2018년 07월 10일,"46,300 ","46,200 ","46,550 ","46,100 ","9,270,000 ",1.54%
2018년 07월 09일,"45,600 ","45,500 ","46,100 ","45,200 ","11,590,000 ",1.56%
2018년 07월 06일,"44,900 ","45,500 ","45,850 ","44,650 ","17,780,000 ",-2.29%
2018년 07월 05일,"45,950 ","46,100 ","46,550 ","45,600 ","6,910,000 ",-0.65%
2018년 07월 04일,"46,250 ","46,700 ","47,050 ","46,050 ","8,130,000 ",0.22%
2018년 07월 03일,"46,150 ","45,750 ","46,450 ","45,750 ","10,430,000 ",1.32%
2018년 07월 02일,"45,550 ","46,500 ","47,150 ","45,500 ","12,750,000 ",-2.36%
2018년 06월 29일,"46,650 ","46,250 ","47,150 ","46,200 ","13,690,000 ",-0.32%
2018년 06월 28일,"46,800 ","46,850 ","47,150 ","46,600 ","12,080,000 ",-2.40%
2018년 06월 27일,"47,950 ","47,450 ","48,500 ","47,000 ","15,090,000 ",2.02%
2018년 06월 26일,"47,000 ","45,900 ","47,300 ","45,900 ","11,140,000 ",0.75%
2018년 06월 25일,"46,650 ","47,050 ","47,050 ","46,150 ","9,520,000 ",-1.27%
2018년 06월 22일,"47,250 ","47,000 ","47,250 ","46,200 ","10,250,000 ",0.43%
2018년 06월 21일,"47,050 ","47,900 ","47,900 ","47,050 ","9,980,000 ",0.11%
2018년 06월 20일,"47,000 ","47,450 ","47,600 ","46,850 ","11,310,000 ",0.00%
2018년 06월 19일,"47,000 ","47,200 ","47,350 ","46,500 ","15,170,000 ",0.86%
2018년 06월 18일,"46,600 ","47,600 ","47,650 ","46,200 ","16,620,000 ",-2.20%
2018년 06월 15일,"47,650 ","48,500 ","48,700 ","47,650 ","16,840,000 ",-1.14%
2018년 06월 14일,"48,200 ","49,000 ","49,000 ","48,200 ","19,000,000 ",-2.43%
2018년 06월 12일,"49,400 ","49,700 ","49,800 ","49,250 ","11,430,000 ",-1.00%
2018년 06월 11일,"49,900 ","49,750 ","50,300 ","49,350 ","10,500,000 ",0.50%
2018년 06월 08일,"49,650 ","50,200 ","50,400 ","49,600 ","16,580,000 ",-1.88%
2018년 06월 07일,"50,600 ","51,800 ","51,800 ","50,500 ","13,170,000 ",-1.36%
2018년 06월 05일,"51,300 ","51,100 ","51,400 ","50,400 ","8,860,000 ",0.39%
2018년 06월 04일,"51,100 ","50,800 ","51,200 ","50,700 ","9,290,000 ",-0.39%
2018년 06월 01일,"51,300 ","50,500 ","51,700 ","49,950 ","12,440,000 ",1.18%
2018년 05월 31일,"50,700 ","50,400 ","50,800 ","49,850 ","35,940,000 ",2.42%
2018년 05월 30일,"49,500 ","51,300 ","51,500 ","49,100 ","20,200,000 ",-3.51%
2018년 05월 29일,"51,300 ","52,200 ","52,500 ","51,300 ","8,430,000 ",-1.91%
2018년 05월 28일,"52,300 ","52,500 ","53,000 ","52,000 ","9,750,000 ",-0.76%
2018년 05월 25일,"52,700 ","51,000 ","52,800 ","50,800 ","15,170,000 ",2.53%
2018년 05월 24일,"51,400 ","52,000 ","52,000 ","51,100 ","8,180,000 ",-0.77%
2018년 05월 23일,"51,800 ","50,600 ","52,000 ","50,400 ","17,000,000 ",3.60%
2018년 05월 21일,"50,000 ","49,650 ","50,200 ","49,100 ","8,620,000 ",1.01%
2018년 05월 18일,"49,500 ","49,900 ","49,900 ","49,350 ","6,640,000 ",0.20%
2018년 05월 17일,"49,400 ","50,300 ","50,500 ","49,400 ","10,300,000 ",-0.90%
2018년 05월 16일,"49,850 ","49,200 ","50,200 ","49,150 ","15,240,000 ",1.32%
2018년 05월 15일,"49,200 ","50,200 ","50,400 ","49,100 ","17,010,000 ",-1.80%
2018년 05월 14일,"50,100 ","51,000 ","51,100 ","49,900 ","14,840,000 ",-2.34%
2018년 05월 11일,"51,300 ","52,000 ","52,200 ","51,200 ","10,140,000 ",-0.58%
2018년 05월 10일,"51,600 ","51,700 ","51,700 ","50,600 ","13,760,000 ",1.38%
2018년 05월 09일,"50,900 ","52,600 ","52,800 ","50,900 ","15,960,000 ",-3.23%
2018년 05월 08일,"52,600 ","52,600 ","53,200 ","51,900 ","22,960,000 ",1.35%
2018년 05월 04일,"51,900 ","53,000 ","53,900 ","51,800 ","39,420,000 ",-2.08%
2018년 04월 27일,"53,000 ","53,380 ","53,640 ","52,440 ","28,280,000 ",1.65%
2018년 04월 26일,"52,140 ","50,420 ","52,160 ","50,400 ","17,920,000 ",3.45%
2018년 04월 25일,"50,400 ","49,220 ","50,500 ","49,220 ","16,550,000 ",-0.12%
2018년 04월 24일,"50,460 ","51,840 ","51,860 ","50,080 ","15,700,000 ",-2.77%
2018년 04월 23일,"51,900 ","51,000 ","52,080 ","51,000 ","8,850,000 ",0.54%
2018년 04월 20일,"51,620 ","51,800 ","52,260 ","51,420 ","11,650,000 ",-2.20%
2018년 04월 19일,"52,780 ","52,000 ","52,980 ","51,540 ","17,130,000 ",2.76%
2018년 04월 18일,"51,360 ","51,000 ","51,360 ","50,580 ","13,440,000 ",2.76%
2018년 04월 17일,"49,980 ","50,240 ","50,540 ","49,820 ","7,760,000 ",-0.72%
2018년 04월 16일,"50,340 ","50,320 ","50,600 ","49,860 ","7,690,000 ",1.08%
2018년 04월 13일,"49,800 ","49,600 ","50,180 ","49,400 ","10,260,000 ",1.63%
2018년 04월 12일,"49,000 ","49,440 ","49,440 ","48,880 ","12,450,000 ",0.29%
2018년 04월 11일,"48,860 ","49,900 ","49,900 ","48,600 ","10,030,000 ",-0.04%
2018년 04월 10일,"48,880 ","48,540 ","49,220 ","48,040 ","10,930,000 ",-0.65%
2018년 04월 09일,"49,200 ","48,260 ","49,440 ","48,200 ","9,880,000 ",1.65%
2018년 04월 06일,"48,400 ","48,000 ","48,580 ","47,400 ","10,950,000 ",-0.70%
2018년 04월 05일,"48,740 ","47,400 ","49,380 ","47,340 ","13,240,000 ",3.88%
2018년 04월 04일,"46,920 ","48,160 ","48,260 ","46,920 ","12,310,000 ",-2.49%
2018년 04월 03일,"48,120 ","47,880 ","48,140 ","47,280 ","12,690,000 ",-0.87%
2018년 04월 02일,"48,540 ","49,000 ","49,220 ","48,500 ","7,100,000 ",-1.38%
2018년 03월 30일,"49,220 ","49,080 ","49,900 ","49,080 ","7,750,000 ",0.37%
2018년 03월 29일,"49,040 ","48,700 ","49,560 ","48,320 ","9,690,000 ",0.70%
2018년 03월 28일,"48,700 ","49,100 ","49,100 ","48,340 ","15,060,000 ",-2.56%
2018년 03월 27일,"49,980 ","50,320 ","50,460 ","49,080 ","11,840,000 ",-0.60%
2018년 03월 26일,"50,280 ","49,420 ","50,280 ","49,040 ","10,040,000 ",1.13%
2018년 03월 23일,"49,720 ","50,340 ","50,720 ","49,600 ","14,660,000 ",-3.98%
2018년 03월 22일,"51,780 ","51,060 ","51,780 ","51,040 ","8,280,000 ",1.41%
2018년 03월 21일,"51,060 ","51,780 ","51,780 ","51,060 ","8,330,000 ",-0.27%
2018년 03월 20일,"51,200 ","50,700 ","51,200 ","50,100 ","8,080,000 ",0.91%
2018년 03월 19일,"50,740 ","50,620 ","51,340 ","50,440 ","8,210,000 ",-0.78%
2018년 03월 16일,"51,140 ","51,220 ","51,420 ","50,240 ","12,110,000 ",-0.78%
2018년 03월 15일,"51,540 ","52,000 ","52,020 ","51,020 ","8,640,000 ",-0.43%
2018년 03월 14일,"51,760 ","51,020 ","52,000 ","51,000 ","12,510,000 ",0.19%
2018년 03월 13일,"51,660 ","50,760 ","51,660 ","50,360 ","20,060,000 ",3.86%
2018년 03월 12일,"49,740 ","50,560 ","50,780 ","49,580 ","8,640,000 ",0.00%
2018년 03월 09일,"49,740 ","49,440 ","50,540 ","49,240 ","14,230,000 ",1.10%
2018년 03월 08일,"49,200 ","49,200 ","49,480 ","48,080 ","19,430,000 ",1.19%
2018년 03월 07일,"48,620 ","48,200 ","48,900 ","47,220 ","21,200,000 ",3.40%
2018년 03월 06일,"47,020 ","45,920 ","47,100 ","45,820 ","15,120,000 ",4.03%
2018년 03월 05일,"45,200 ","45,820 ","46,160 ","45,080 ","13,270,000 ",-1.78%
2018년 03월 02일,"46,020 ","46,580 ","46,800 ","46,000 ","13,110,000 ",-2.21%
2018년 02월 28일,"47,060 ","47,380 ","48,100 ","47,000 ","14,970,000 ",-0.68%
2018년 02월 27일,"47,380 ","48,360 ","48,380 ","47,380 ","9,410,000 ",0.00%
2018년 02월 26일,"47,380 ","47,280 ","47,560 ","47,080 ","8,200,000 ",0.34%
2018년 02월 23일,"47,220 ","46,760 ","47,800 ","46,760 ","12,090,000 ",0.98%
2018년 02월 22일,"46,760 ","47,260 ","47,260 ","46,760 ","8,670,000 ",-1.10%
2018년 02월 21일,"47,280 ","47,280 ","47,580 ","46,840 ","12,810,000 ",-0.25%
2018년 02월 20일,"47,400 ","48,040 ","48,160 ","47,220 ","10,100,000 ",-2.03%
2018년 02월 19일,"48,380 ","49,800 ","49,800 ","47,860 ","14,770,000 ",-1.27%
2018년 02월 14일,"49,000 ","48,080 ","49,100 ","47,940 ","16,880,000 ",3.07%
2018년 02월 13일,"47,540 ","46,200 ","48,060 ","46,200 ","18,750,000 ",3.98%
2018년 02월 12일,"45,720 ","45,100 ","46,320 ","45,040 ","15,550,000 ",2.28%
2018년 02월 09일,"44,700 ","44,440 ","45,180 ","44,420 ","17,400,000 ",-2.83%
2018년 02월 08일,"46,000 ","46,120 ","46,620 ","45,980 ","22,480,000 ",0.44%
2018년 02월 07일,"45,800 ","48,240 ","48,260 ","45,800 ","23,370,000 ",-3.42%
2018년 02월 06일,"47,420 ","46,600 ","47,920 ","46,580 ","18,250,000 ",-1.04%
2018년 02월 05일,"47,920 ","46,500 ","48,320 ","46,000 ","25,870,000 ",0.46%
2018년 02월 02일,"47,700 ","49,380 ","49,400 ","47,700 ","27,890,000 ",-4.26%
2018년 02월 01일,"49,820 ","50,620 ","50,960 ","49,720 ","25,790,000 ",-0.16%
2018년 01월 31일,"49,900 ","50,020 ","54,140 ","49,600 ","64,190,000 ",0.20%
2018년 01월 30일,"49,800 ","50,440 ","50,640 ","49,780 ","12,200,000 ",-2.77%
2018년 01월 29일,"51,220 ","51,200 ","51,480 ","50,900 ","11,640,000 ",0.87%
2018년 01월 26일,"50,780 ","50,500 ","50,780 ","49,840 ","10,340,000 ",1.03%
2018년 01월 25일,"50,260 ","49,220 ","50,360 ","49,160 ","10,990,000 ",1.86%
2018년 01월 24일,"49,340 ","48,860 ","49,700 ","48,560 ","9,170,000 ",0.37%
2018년 01월 23일,"49,160 ","48,660 ","49,160 ","48,300 ","12,860,000 ",1.91%
2018년 01월 22일,"48,240 ","48,640 ","48,680 ","47,960 ","12,310,000 ",-2.19%
2018년 01월 19일,"49,320 ","50,380 ","50,380 ","49,040 ","9,040,000 ",-1.16%
2018년 01월 18일,"49,900 ","50,020 ","50,640 ","49,820 ","14,560,000 ",0.56%
2018년 01월 17일,"49,620 ","50,020 ","50,020 ","49,060 ","10,570,000 ",-0.76%
2018년 01월 16일,"50,000 ","48,760 ","50,140 ","48,620 ","13,200,000 ",3.01%
2018년 01월 15일,"48,540 ","48,800 ","48,980 ","47,920 ","10,080,000 ",0.71%
2018년 01월 12일,"48,200 ","48,240 ","48,480 ","46,760 ","26,770,000 ",-0.08%
2018년 01월 11일,"48,240 ","48,200 ","49,260 ","48,020 ","23,950,000 ",-1.23%
2018년 01월 10일,"48,840 ","50,500 ","50,520 ","48,640 ","18,530,000 ",-3.10%
2018년 01월 09일,"50,400 ","51,460 ","51,720 ","49,980 ","17,830,000 ",-3.11%
2018년 01월 08일,"52,020 ","52,400 ","52,520 ","51,500 ","8,360,000 ",-0.19%
2018년 01월 05일,"52,120 ","51,300 ","52,120 ","51,200 ","9,330,000 ",2.04%
2018년 01월 04일,"51,080 ","52,120 ","52,180 ","50,640 ","11,640,000 ",-1.05%
2018년 01월 03일,"51,620 ","52,540 ","52,560 ","51,420 ","9,920,000 ",1.18%
2018년 01월 02일,"51,020 ","51,380 ","51,400 ","50,780 ","8,460,000 ",0.12%
2017년 12월 28일,"50,960 ","49,560 ","50,960 ","49,500 ","8,880,000 ",3.24%
2017년 12월 27일,"49,360 ","48,960 ","49,560 ","48,460 ","10,710,000 ",2.41%
2017년 12월 26일,"48,200 ","49,760 ","50,100 ","48,200 ","15,910,000 ",-3.02%
2017년 12월 22일,"49,700 ","49,400 ","49,960 ","49,240 ","11,170,000 ",1.14%
2017년 12월 21일,"49,140 ","51,000 ","51,060 ","49,100 ","15,310,000 ",-3.42%
2017년 12월 20일,"50,880 ","51,500 ","51,760 ","50,820 ","10,070,000 ",-1.32%
2017년 12월 19일,"51,560 ","51,540 ","52,080 ","51,520 ","10,510,000 ",0.70%
2017년 12월 18일,"51,200 ","50,620 ","51,240 ","50,620 ","7,190,000 ",1.15%
2017년 12월 15일,"50,620 ","51,240 ","51,480 ","50,520 ","14,850,000 ",-0.86%
2017년 12월 14일,"51,060 ","51,320 ","52,280 ","51,060 ","19,980,000 ",-0.51%
2017년 12월 13일,"51,320 ","52,100 ","52,100 ","51,100 ","11,080,000 ",-1.50%
2017년 12월 12일,"52,100 ","51,820 ","52,100 ","51,660 ","8,050,000 ",0.62%
2017년 12월 11일,"51,780 ","52,000 ","52,040 ","51,500 ","8,000,000 ",-0.42%
2017년 12월 08일,"52,000 ","51,360 ","52,000 ","51,040 ","10,660,000 ",2.48%
2017년 12월 07일,"50,740 ","50,040 ","50,980 ","50,020 ","11,030,000 ",1.44%
2017년 12월 06일,"50,020 ","51,260 ","51,560 ","50,020 ","10,830,000 ",-2.42%
2017년 12월 05일,"51,260 ","50,600 ","51,300 ","50,280 ","9,200,000 ",-0.16%
2017년 12월 04일,"51,340 ","50,840 ","51,340 ","50,020 ","13,620,000 ",0.98%
2017년 12월 01일,"50,840 ","50,800 ","51,780 ","50,800 ","12,460,000 ",0.08%
2017년 11월 30일,"50,800 ","50,800 ","51,860 ","50,200 ","28,090,000 ",-3.42%
2017년 11월 29일,"52,600 ","53,200 ","53,240 ","52,500 ","9,580,000 ",-1.28%
2017년 11월 28일,"53,280 ","52,700 ","53,280 ","51,720 ","13,390,000 ",1.22%
2017년 11월 27일,"52,640 ","55,360 ","55,360 ","52,640 ","18,090,000 ",-5.08%
2017년 11월 24일,"55,460 ","55,300 ","55,500 ","55,180 ","4,420,000 ",0.29%
2017년 11월 23일,"55,300 ","55,960 ","55,980 ","55,020 ","6,210,000 ",-1.18%
2017년 11월 22일,"55,960 ","55,980 ","56,200 ","55,620 ","7,890,000 ",1.23%
2017년 11월 21일,"55,280 ","55,400 ","55,840 ","55,280 ","9,920,000 ",0.14%
2017년 11월 20일,"55,200 ","55,900 ","55,980 ","55,200 ","9,450,000 ",-1.11%
2017년 11월 17일,"55,820 ","56,400 ","56,880 ","55,820 ","10,370,000 ",0.07%
2017년 11월 16일,"55,780 ","55,440 ","56,000 ","55,400 ","7,620,000 ",0.80%
2017년 11월 15일,"55,340 ","55,920 ","56,320 ","55,320 ","8,750,000 ",-1.04%
2017년 11월 14일,"55,920 ","56,380 ","56,740 ","55,920 ","6,720,000 ",-0.82%
2017년 11월 13일,"56,380 ","56,400 ","56,800 ","56,100 ","7,470,000 ",-0.04%
2017년 11월 10일,"56,400 ","55,800 ","56,540 ","55,780 ","6,640,000 ",0.11%
2017년 11월 09일,"56,340 ","56,920 ","56,920 ","55,900 ","11,990,000 ",-0.74%
2017년 11월 08일,"56,760 ","56,100 ","57,060 ","55,860 ","8,360,000 ",1.18%
2017년 11월 07일,"56,100 ","56,380 ","56,920 ","55,860 ","7,460,000 ",-0.50%
2017년 11월 06일,"56,380 ","56,380 ","56,500 ","55,340 ","8,960,000 ",0.00%
2017년 11월 03일,"56,380 ","57,060 ","57,140 ","55,860 ","9,930,000 ",-1.19%
2017년 11월 02일,"57,060 ","57,500 ","57,520 ","56,760 ","10,180,000 ",-0.28%
2017년 11월 01일,"57,220 ","57,500 ","57,500 ","56,180 ","14,280,000 ",3.89%
2017년 10월 31일,"55,080 ","54,060 ","55,440 ","53,500 ","13,300,000 ",1.92%
2017년 10월 30일,"54,040 ","53,780 ","54,320 ","53,700 ","8,190,000 ",1.81%
2017년 10월 27일,"53,080 ","52,400 ","53,320 ","52,140 ","7,390,000 ",1.30%
2017년 10월 26일,"52,400 ","53,720 ","53,900 ","52,400 ","9,760,000 ",-2.78%
2017년 10월 25일,"53,900 ","54,040 ","54,420 ","53,700 ","5,870,000 ",-0.26%
2017년 10월 24일,"54,040 ","54,700 ","54,780 ","54,040 ","5,750,000 ",-0.48%
2017년 10월 23일,"54,300 ","54,600 ","54,640 ","54,000 ","8,300,000 ",0.85%
2017년 10월 20일,"53,840 ","52,800 ","54,100 ","52,800 ","7,860,000 ",1.62%
2017년 10월 19일,"52,980 ","54,700 ","54,700 ","52,980 ","11,970,000 ",-3.25%
2017년 10월 18일,"54,760 ","54,820 ","55,240 ","54,040 ","10,030,000 ",-0.07%
2017년 10월 17일,"54,800 ","54,020 ","55,380 ","54,000 ","10,570,000 ",1.63%
2017년 10월 16일,"53,920 ","53,980 ","54,860 ","53,760 ","8,960,000 ",-0.15%
2017년 10월 13일,"54,000 ","54,540 ","54,840 ","53,780 ","12,520,000 ",-1.46%
2017년 10월 12일,"54,800 ","54,840 ","55,160 ","54,100 ","13,730,000 ",0.29%
2017년 10월 11일,"54,640 ","53,600 ","54,760 ","53,340 ","12,900,000 ",3.48%
2017년 09월 29일,"51,280 ","51,180 ","51,620 ","50,840 ","11,680,000 ",0.04%
2017년 09월 28일,"51,260 ","52,260 ","52,460 ","51,260 ","12,010,000 ",-0.81%
2017년 09월 27일,"51,680 ","52,000 ","52,200 ","51,500 ","9,990,000 ",0.04%
2017년 09월 26일,"51,660 ","53,020 ","53,120 ","51,560 ","15,730,000 ",-3.66%
2017년 09월 25일,"53,620 ","53,000 ","53,680 ","53,000 ","8,780,000 ",1.17%
2017년 09월 22일,"53,000 ","52,960 ","53,600 ","52,460 ","13,870,000 ",0.38%
2017년 09월 21일,"52,800 ","52,220 ","52,960 ","52,220 ","8,300,000 ",1.11%
2017년 09월 20일,"52,220 ","52,120 ","52,500 ","51,840 ","9,120,000 ",0.19%
2017년 09월 19일,"52,120 ","52,500 ","52,640 ","51,780 ","9,750,000 ",-0.69%
2017년 09월 18일,"52,480 ","50,540 ","52,480 ","50,520 ","11,270,000 ",4.13%
2017년 09월 15일,"50,400 ","50,300 ","50,560 ","49,860 ","10,550,000 ",0.20%
2017년 09월 14일,"50,300 ","50,060 ","50,320 ","49,760 ","14,060,000 ",1.37%
2017년 09월 13일,"49,620 ","49,820 ","50,400 ","49,440 ","9,330,000 ",0.04%
2017년 09월 12일,"49,600 ","50,200 ","50,220 ","49,140 ","11,440,000 ",-0.40%
2017년 09월 11일,"49,800 ","49,700 ","50,180 ","49,500 ","9,800,000 ",1.47%
2017년 09월 08일,"49,080 ","48,700 ","49,180 ","48,580 ","10,840,000 ",2.00%
2017년 09월 07일,"48,120 ","47,000 ","48,220 ","47,000 ","9,640,000 ",2.38%
2017년 09월 06일,"47,000 ","46,760 ","47,180 ","46,700 ","10,270,000 ",0.51%
2017년 09월 05일,"46,760 ","46,240 ","46,900 ","45,960 ","9,680,000 ",1.56%
2017년 09월 04일,"46,040 ","45,780 ","46,360 ","45,500 ","7,880,000 ",-0.95%
2017년 09월 01일,"46,480 ","46,460 ","46,640 ","46,300 ","9,260,000 ",0.35%
2017년 08월 31일,"46,320 ","46,220 ","46,640 ","46,000 ","10,080,000 ",0.26%
2017년 08월 30일,"46,200 ","46,380 ","46,400 ","45,960 ","7,240,000 ",0.26%
2017년 08월 29일,"46,080 ","45,640 ","46,080 ","45,160 ","12,590,000 ",-0.04%
2017년 08월 28일,"46,100 ","47,020 ","47,240 ","45,960 ","9,960,000 ",-1.96%
2017년 08월 25일,"47,020 ","47,880 ","47,880 ","46,720 ","10,800,000 ",-1.05%
2017년 08월 24일,"47,520 ","47,520 ","47,660 ","47,340 ","8,490,000 ",0.08%
2017년 08월 23일,"47,480 ","47,780 ","47,780 ","47,180 ","7,680,000 ",1.02%
2017년 08월 22일,"47,000 ","46,820 ","47,160 ","46,700 ","6,480,000 ",0.34%
2017년 08월 21일,"46,840 ","47,240 ","47,240 ","46,580 ","4,900,000 ",-0.13%
2017년 08월 18일,"46,900 ","46,760 ","47,240 ","46,240 ","10,000,000 ",-0.30%
2017년 08월 17일,"47,040 ","46,960 ","47,300 ","46,740 ","12,110,000 ",1.82%
2017년 08월 16일,"46,200 ","46,220 ","46,380 ","46,000 ","21,880,000 ",2.67%
2017년 08월 14일,"45,000 ","45,120 ","45,400 ","44,720 ","18,780,000 ",0.85%
2017년 08월 11일,"44,620 ","45,120 ","45,300 ","44,220 ","24,820,000 ",-2.79%
2017년 08월 10일,"45,900 ","46,200 ","46,320 ","45,460 ","22,830,000 ",-0.82%
2017년 08월 09일,"46,280 ","47,400 ","47,400 ","46,240 ","14,530,000 ",-3.02%
2017년 08월 08일,"47,720 ","47,980 ","48,260 ","47,480 ","7,930,000 ",0.29%
2017년 08월 07일,"47,580 ","47,500 ","48,080 ","47,440 ","7,120,000 ",-0.25%
2017년 08월 04일,"47,700 ","48,160 ","48,180 ","47,500 ","8,360,000 ",-0.17%
2017년 08월 03일,"47,780 ","49,000 ","49,000 ","47,120 ","15,510,000 ",-2.49%
2017년 08월 02일,"49,000 ","49,200 ","49,340 ","48,600 ","7,590,000 ",0.82%
2017년 08월 01일,"48,600 ","48,000 ","48,840 ","47,540 ","11,220,000 ",0.83%
2017년 07월 31일,"48,200 ","47,420 ","48,240 ","46,920 ","12,650,000 ",0.92%
2017년 07월 28일,"47,760 ","49,800 ","49,800 ","47,380 ","25,540,000 ",-4.10%
2017년 07월 27일,"49,800 ","50,000 ","50,640 ","49,560 ","11,430,000 ",-0.08%
2017년 07월 26일,"49,840 ","49,600 ","50,020 ","49,300 ","10,930,000 ",-0.32%
2017년 07월 25일,"50,000 ","50,500 ","50,760 ","49,940 ","10,130,000 ",-1.69%
2017년 07월 24일,"50,860 ","50,700 ","51,000 ","50,620 ","7,090,000 ",-0.43%
2017년 07월 21일,"51,080 ","50,860 ","51,160 ","50,520 ","8,430,000 ",-0.23%
2017년 07월 20일,"51,200 ","50,760 ","51,320 ","50,560 ","8,350,000 ",0.91%
2017년 07월 19일,"50,740 ","50,620 ","50,820 ","50,000 ","11,160,000 ",-0.20%
2017년 07월 18일,"50,840 ","50,420 ","50,880 ","50,360 ","6,660,000 ",0.39%
2017년 07월 17일,"50,640 ","50,900 ","51,020 ","50,520 ","7,860,000 ",0.32%
2017년 07월 14일,"50,480 ","51,000 ","51,080 ","50,420 ","7,980,000 ",-0.16%
2017년 07월 13일,"50,560 ","50,080 ","50,940 ","50,040 ","15,630,000 ",1.36%
2017년 07월 12일,"49,880 ","49,000 ","50,000 ","48,840 ","9,470,000 ",1.80%
2017년 07월 11일,"49,000 ","48,640 ","49,000 ","48,280 ","9,590,000 ",0.70%
2017년 07월 10일,"48,660 ","48,500 ","48,900 ","48,320 ","10,600,000 ",1.67%
2017년 07월 07일,"47,860 ","47,740 ","48,120 ","47,620 ","8,040,000 ",-0.42%
2017년 07월 06일,"48,060 ","48,000 ","48,100 ","47,720 ","10,550,000 ",1.01%
2017년 07월 05일,"47,580 ","46,820 ","47,680 ","46,780 ","9,770,000 ",1.23%
2017년 07월 04일,"47,000 ","47,160 ","47,400 ","46,900 ","7,950,000 ",-0.47%
2017년 07월 03일,"47,220 ","47,500 ","47,780 ","47,120 ","6,800,000 ",-0.67%
2017년 06월 30일,"47,540 ","47,500 ","47,620 ","47,100 ","11,750,000 ",-0.83%
2017년 06월 29일,"47,940 ","48,040 ","48,320 ","47,940 ","7,990,000 ",0.50%
2017년 06월 28일,"47,700 ","47,600 ","48,000 ","47,560 ","9,450,000 ",-1.24%
2017년 06월 27일,"48,300 ","48,220 ","48,400 ","47,900 ","9,380,000 ",0.04%
2017년 06월 26일,"48,280 ","47,520 ","48,360 ","47,520 ","8,060,000 ",1.39%
2017년 06월 23일,"47,620 ","47,600 ","47,780 ","47,420 ","8,630,000 ",-0.71%
2017년 06월 22일,"47,960 ","47,960 ","48,080 ","47,720 ","8,920,000 ",1.01%
2017년 06월 21일,"47,480 ","47,740 ","48,120 ","47,480 ","9,650,000 ",-1.37%
2017년 06월 20일,"48,140 ","47,240 ","48,140 ","47,220 ","14,840,000 ",3.39%
2017년 06월 19일,"46,560 ","45,580 ","46,560 ","45,560 ","10,640,000 ",2.15%
2017년 06월 16일,"45,580 ","45,500 ","45,940 ","45,460 ","15,120,000 ",-0.22%
2017년 06월 15일,"45,680 ","45,680 ","45,920 ","45,180 ","9,150,000 ",0.71%
2017년 06월 14일,"45,360 ","45,800 ","46,060 ","45,240 ","9,740,000 ",-0.09%
2017년 06월 13일,"45,400 ","45,140 ","45,620 ","45,140 ","8,620,000 ",0.04%
2017년 06월 12일,"45,380 ","45,420 ","45,600 ","45,140 ","10,900,000 ",-1.56%
2017년 06월 09일,"46,100 ","45,680 ","46,440 ","45,600 ","11,730,000 ",2.08%
2017년 06월 08일,"45,160 ","45,000 ","45,580 ","45,000 ","13,950,000 ",-0.31%
2017년 06월 07일,"45,300 ","46,500 ","46,500 ","45,240 ","12,190,000 ",-98.03%
2017년 06월 05일,"45,940 ","46,040 ","46,360 ","45,720 ","7,560,000 ",-0.04%
2017년 06월 02일,"45,960 ","45,060 ","45,960 ","45,000 ","12,400,000 ",2.86%
2017년 06월 01일,"44,680 ","44,860 ","44,900 ","44,400 ","9,740,000 ",-0.04%
2017년 05월 31일,"44,700 ","44,580 ","45,020 ","44,400 ","18,390,000 ",0.13%
2017년 05월 30일,"44,640 ","45,520 ","45,660 ","44,480 ","12,420,000 ",-2.15%
2017년 05월 29일,"45,620 ","46,220 ","46,400 ","45,380 ","8,720,000 ",-1.00%
2017년 05월 26일,"46,080 ","45,600 ","46,460 ","45,540 ","13,060,000 ",0.88%
2017년 05월 25일,"45,680 ","45,160 ","45,680 ","44,800 ","12,950,000 ",1.78%
2017년 05월 24일,"44,880 ","44,860 ","45,300 ","44,800 ","8,600,000 ",-0.09%
2017년 05월 23일,"44,920 ","45,400 ","45,580 ","44,900 ","12,570,000 ",-0.40%
2017년 05월 22일,"45,100 ","45,040 ","45,380 ","44,760 ","17,620,000 ",0.85%
2017년 05월 19일,"44,720 ","45,640 ","45,780 ","44,720 ","15,720,000 ",-2.66%
2017년 05월 18일,"45,940 ","45,740 ","46,000 ","45,540 ","10,770,000 ",-0.86%
2017년 05월 17일,"46,340 ","46,120 ","46,640 ","46,100 ","7,410,000 ",-0.09%
2017년 05월 16일,"46,380 ","46,660 ","46,800 ","46,100 ","8,650,000 ",0.61%
2017년 05월 15일,"46,100 ","45,620 ","46,280 ","45,620 ","8,000,000 ",0.61%
2017년 05월 12일,"45,820 ","45,760 ","46,160 ","45,660 ","9,000,000 ",0.70%
2017년 05월 11일,"45,500 ","45,420 ","46,180 ","45,220 ","20,430,000 ",-0.22%
2017년 05월 10일,"45,600 ","46,160 ","47,220 ","45,600 ","22,630,000 ",-98.06%
2017년 05월 08일,"47,020 ","45,520 ","47,020 ","45,340 ","16,630,000 ",3.30%
2017년 05월 04일,"45,520 ","45,700 ","45,700 ","44,860 ","11,280,000 ",-97.97%
2017년 05월 02일,"44,900 ","45,500 ","45,500 ","44,760 ","14,030,000 ",-97.99%
2017년 04월 28일,"44,620 ","45,780 ","45,800 ","44,520 ","21,470,000 ",1.78%
2017년 04월 27일,"43,840 ","42,700 ","44,520 ","41,960 ","21,480,000 ",2.43%
2017년 04월 26일,"42,800 ","42,700 ","42,800 ","42,520 ","10,630,000 ",0.23%
2017년 04월 25일,"42,700 ","41,460 ","42,740 ","41,320 ","14,250,000 ",3.54%
2017년 04월 24일,"41,240 ","41,260 ","41,260 ","40,920 ","7,010,000 ",1.18%
2017년 04월 21일,"40,760 ","40,480 ","41,400 ","40,480 ","12,160,000 ",1.19%
2017년 04월 20일,"40,280 ","40,580 ","40,800 ","40,080 ","19,560,000 ",-1.52%
2017년 04월 19일,"40,900 ","41,300 ","41,420 ","40,900 ","10,140,000 ",-1.45%
2017년 04월 18일,"41,500 ","41,680 ","41,820 ","41,280 ","6,350,000 ",-0.14%
2017년 04월 17일,"41,560 ","42,000 ","42,080 ","41,520 ","4,200,000 ",-1.09%
2017년 04월 14일,"42,020 ","42,160 ","42,260 ","41,760 ","4,460,000 ",-0.94%
2017년 04월 13일,"42,420 ","41,660 ","42,460 ","41,660 ","8,480,000 ",1.24%
2017년 04월 12일,"41,900 ","41,860 ","41,940 ","41,700 ","6,770,000 ",0.72%
2017년 04월 11일,"41,600 ","41,940 ","41,940 ","41,580 ","5,370,000 ",-0.81%
2017년 04월 10일,"41,940 ","41,940 ","41,940 ","41,500 ","6,070,000 ",0.82%
2017년 04월 07일,"41,600 ","41,800 ","41,820 ","41,160 ","8,320,000 ",-0.57%
2017년 04월 06일,"41,840 ","42,000 ","42,080 ","41,600 ","7,780,000 ",-0.71%
2017년 04월 05일,"42,140 ","41,900 ","42,240 ","41,700 ","8,750,000 ",0.14%
2017년 04월 04일,"42,080 ","41,600 ","42,180 ","41,520 ","10,120,000 ",1.54%
2017년 04월 03일,"41,440 ","41,400 ","41,720 ","41,300 ","7,790,000 ",0.58%
2017년 03월 31일,"41,200 ","41,820 ","42,020 ","41,200 ","9,740,000 ",-1.86%
2017년 03월 30일,"41,980 ","41,880 ","42,440 ","41,880 ","8,090,000 ",0.48%
2017년 03월 29일,"41,780 ","41,740 ","41,960 ","41,580 ","10,080,000 ",0.72%
2017년 03월 28일,"41,480 ","41,560 ","41,840 ","41,380 ","8,140,000 ",0.68%
2017년 03월 27일,"41,200 ","41,200 ","41,880 ","41,180 ","9,570,000 ",-0.72%
2017년 03월 24일,"41,500 ","41,600 ","41,980 ","41,080 ","12,650,000 ",-0.72%
2017년 03월 23일,"41,800 ","42,200 ","42,360 ","41,700 ","14,990,000 ",-1.55%
2017년 03월 22일,"42,460 ","41,600 ","42,460 ","41,580 ","15,240,000 ",-0.23%
2017년 03월 21일,"42,560 ","41,780 ","42,680 ","41,760 ","11,010,000 ",1.58%
2017년 03월 20일,"41,900 ","42,000 ","42,120 ","41,740 ","9,920,000 ",-1.18%
2017년 03월 17일,"42,400 ","41,800 ","42,500 ","41,720 ","11,340,000 ",1.34%
2017년 03월 16일,"41,840 ","41,800 ","42,180 ","41,540 ","9,810,000 ",1.06%
2017년 03월 15일,"41,400 ","40,800 ","41,440 ","40,800 ","8,300,000 ",0.10%
2017년 03월 14일,"41,360 ","40,620 ","41,540 ","40,500 ","11,320,000 ",1.87%
2017년 03월 13일,"40,600 ","40,040 ","40,980 ","40,040 ","7,410,000 ",1.05%
2017년 03월 10일,"40,180 ","39,960 ","40,420 ","39,860 ","10,120,000 ",-0.05%
2017년 03월 09일,"40,200 ","40,200 ","40,300 ","40,020 ","11,410,000 ",0.00%
2017년 03월 08일,"40,200 ","40,200 ","40,620 ","40,140 ","10,840,000 ",0.00%
2017년 03월 07일,"40,200 ","39,800 ","40,320 ","39,800 ","10,540,000 ",0.30%
2017년 03월 06일,"40,080 ","39,220 ","40,220 ","39,220 ","12,200,000 ",1.16%
2017년 03월 03일,"39,620 ","39,340 ","39,720 ","39,160 ","12,690,000 ",-0.25%
2017년 03월 02일,"39,720 ","38,420 ","39,860 ","38,420 ","20,810,000 ",3.33%
2017년 02월 28일,"38,440 ","38,060 ","38,760 ","37,960 ","15,000,000 ",1.00%
2017년 02월 27일,"38,060 ","38,020 ","38,140 ","37,700 ","8,740,000 ",-0.42%
2017년 02월 24일,"38,220 ","38,960 ","39,100 ","38,060 ","8,790,000 ",-2.45%
2017년 02월 23일,"39,180 ","39,020 ","39,440 ","39,020 ","10,030,000 ",-0.31%
2017년 02월 22일,"39,300 ","39,000 ","39,340 ","38,980 ","8,530,000 ",0.92%
2017년 02월 21일,"38,940 ","38,540 ","39,560 ","38,420 ","10,480,000 ",0.72%
2017년 02월 20일,"38,660 ","38,220 ","38,780 ","38,160 ","7,470,000 ",2.11%
2017년 02월 17일,"37,860 ","37,560 ","38,040 ","37,280 ","15,080,000 ",-0.42%
2017년 02월 16일,"38,020 ","37,800 ","38,360 ","37,780 ","10,220,000 ",0.80%
2017년 02월 15일,"37,720 ","37,080 ","37,960 ","37,080 ","13,880,000 ",0.37%
2017년 02월 14일,"37,580 ","37,960 ","38,260 ","37,320 ","13,040,000 ",-1.00%
2017년 02월 13일,"37,960 ","37,740 ","38,060 ","37,720 ","10,390,000 ",-1.04%
2017년 02월 10일,"38,360 ","38,400 ","38,760 ","38,300 ","10,720,000 ",-0.10%
2017년 02월 09일,"38,400 ","38,780 ","38,840 ","38,220 ","13,160,000 ",0.00%
2017년 02월 08일,"38,400 ","38,740 ","38,780 ","38,200 ","12,870,000 ",-1.08%
2017년 02월 07일,"38,820 ","39,560 ","39,580 ","38,760 ","12,170,000 ",-1.87%
2017년 02월 06일,"39,560 ","39,580 ","39,660 ","39,140 ","8,820,000 ",0.25%
2017년 02월 03일,"39,460 ","39,400 ","39,500 ","39,180 ","8,470,000 ",0.25%
2017년 02월 02일,"39,360 ","39,600 ","39,660 ","39,200 ","11,890,000 ",0.61%
2017년 02월 01일,"39,120 ","39,540 ","39,660 ","39,040 ","13,000,000 ",-0.86%
2017년 01월 26일,"39,900 ","39,420 ","40,000 ","39,420 ","12,900,000 ",1.27%
2017년 01월 25일,"39,400 ","38,340 ","39,400 ","38,320 ","13,140,000 ",3.25%
2017년 01월 24일,"38,160 ","38,120 ","38,580 ","37,880 ","9,730,000 ",0.26%
2017년 01월 23일,"38,060 ","37,200 ","38,060 ","37,000 ","8,500,000 ",2.31%
2017년 01월 20일,"37,200 ","37,120 ","37,420 ","36,880 ","8,760,000 ",-0.75%
2017년 01월 19일,"37,480 ","37,720 ","37,920 ","37,020 ","8,970,000 ",1.46%
2017년 01월 18일,"36,940 ","37,040 ","37,500 ","36,620 ","8,860,000 ",-0.05%
2017년 01월 17일,"36,960 ","36,580 ","37,460 ","36,580 ","8,090,000 ",0.82%
2017년 01월 16일,"36,660 ","36,860 ","37,820 ","36,320 ","16,590,000 ",-2.14%
2017년 01월 13일,"37,460 ","38,100 ","38,320 ","37,460 ","15,380,000 ",-3.45%
2017년 01월 12일,"38,800 ","38,000 ","38,800 ","37,980 ","11,590,000 ",1.36%
2017년 01월 11일,"38,280 ","37,520 ","38,560 ","37,420 ","11,860,000 ",2.79%
2017년 01월 10일,"37,240 ","37,280 ","37,400 ","37,080 ","8,710,000 ",0.05%
2017년 01월 09일,"37,220 ","36,600 ","37,500 ","36,560 ","12,870,000 ",2.82%
2017년 01월 06일,"36,200 ","36,180 ","36,440 ","36,040 ","8,380,000 ",1.80%
2017년 01월 05일,"35,560 ","36,060 ","36,060 ","35,540 ","10,490,000 ",-1.66%
2017년 01월 04일,"36,160 ","36,500 ","36,520 ","36,100 ","7,310,000 ",-0.88%
2017년 01월 03일,"36,480 ","36,280 ","36,620 ","36,020 ","7,340,000 ",1.05%
2017년 01월 02일,"36,100 ","35,980 ","36,240 ","35,880 ","4,650,000 ",-98.00%
2016년 12월 29일,"36,040 ","35,420 ","36,040 ","35,400 ","7,000,000 ",0.78%
2016년 12월 28일,"35,760 ","35,840 ","35,980 ","35,600 ","6,620,000 ",-0.61%
2016년 12월 27일,"35,980 ","35,980 ","36,200 ","35,860 ","4,600,000 ",0.06%
2016년 12월 26일,"35,960 ","35,600 ","36,000 ","35,560 ","4,800,000 ",-97.98%
2016년 12월 23일,"35,640 ","36,020 ","36,080 ","35,600 ","8,120,000 ",-1.49%
2016년 12월 22일,"36,180 ","36,260 ","36,300 ","35,980 ","5,330,000 ",0.22%
2016년 12월 21일,"36,100 ","36,360 ","36,600 ","36,020 ","6,530,000 ",-0.39%
2016년 12월 20일,"36,240 ","35,920 ","36,400 ","35,840 ","6,130,000 ",0.95%
2016년 12월 19일,"35,900 ","35,620 ","36,380 ","35,620 ","5,440,000 ",-98.00%
2016년 12월 16일,"35,860 ","35,300 ","36,020 ","35,200 ","11,500,000 ",1.93%
2016년 12월 15일,"35,180 ","34,820 ","35,500 ","34,820 ","5,770,000 ",-1.01%
2016년 12월 14일,"35,540 ","35,560 ","35,680 ","35,280 ","7,180,000 ",0.62%
2016년 12월 13일,"35,320 ","34,620 ","35,440 ","34,620 ","10,880,000 ",0.80%
2016년 12월 12일,"35,040 ","34,660 ","35,360 ","34,660 ","11,180,000 ",-98.03%
2016년 12월 09일,"35,600 ","35,900 ","35,900 ","35,400 ","9,520,000 ",-0.56%
2016년 12월 08일,"35,800 ","35,980 ","36,020 ","35,520 ","16,400,000 ",1.02%
2016년 12월 07일,"35,440 ","35,040 ","35,480 ","35,040 ","9,540,000 ",1.37%
2016년 12월 06일,"34,960 ","34,440 ","35,200 ","34,400 ","13,690,000 ",1.75%
2016년 12월 05일,"34,360 ","34,340 ","34,680 ","34,220 ","8,470,000 ",-98.01%
2016년 12월 02일,"34,540 ","34,480 ","34,760 ","34,140 ","14,060,000 ",-1.26%
2016년 12월 01일,"34,980 ","34,800 ","35,060 ","34,660 ","13,100,000 ",0.17%
2016년 11월 30일,"34,920 ","33,540 ","34,940 ","33,540 ","25,480,000 ",4.11%
2016년 11월 29일,"33,540 ","33,800 ","33,960 ","33,380 ","17,660,000 ",0.00%
2016년 11월 28일,"33,540 ","33,000 ","33,620 ","32,800 ","12,980,000 ",-97.97%
2016년 11월 25일,"33,000 ","32,820 ","33,040 ","32,660 ","6,260,000 ",0.00%
2016년 11월 24일,"33,000 ","32,980 ","33,040 ","32,660 ","7,430,000 ",0.06%
2016년 11월 23일,"32,980 ","33,220 ","33,220 ","32,520 ","12,220,000 ",0.55%
2016년 11월 22일,"32,800 ","32,140 ","32,900 ","32,000 ","9,750,000 ",2.95%
2016년 11월 21일,"31,860 ","31,300 ","32,120 ","31,300 ","8,180,000 ",-97.99%
2016년 11월 18일,"31,720 ","31,640 ","31,760 ","31,400 ","9,340,000 ",1.15%
2016년 11월 17일,"31,360 ","31,100 ","31,520 ","30,900 ","7,860,000 ",0.64%
2016년 11월 16일,"31,160 ","30,800 ","31,280 ","30,800 ","11,320,000 ",1.23%
2016년 11월 15일,"30,780 ","31,060 ","31,620 ","30,780 ","13,650,000 ",-0.90%
2016년 11월 14일,"31,060 ","31,900 ","31,920 ","31,040 ","15,050,000 ",-98.06%
2016년 11월 11일,"31,960 ","31,700 ","32,360 ","31,700 ","12,750,000 ",-3.09%
2016년 11월 10일,"32,980 ","32,600 ","33,000 ","32,360 ","11,790,000 ",3.32%
2016년 11월 09일,"31,920 ","32,920 ","33,140 ","31,820 ","15,620,000 ",-2.92%
2016년 11월 08일,"32,880 ","32,980 ","32,980 ","32,700 ","5,370,000 ",0.24%
2016년 11월 07일,"32,800 ","32,940 ","33,000 ","32,680 ","7,650,000 ",-97.98%
2016년 11월 04일,"32,540 ","32,100 ","32,680 ","32,100 ","7,100,000 ",0.68%
2016년 11월 03일,"32,320 ","32,600 ","32,800 ","32,120 ","10,320,000 ",-1.64%
2016년 11월 02일,"32,860 ","32,800 ","33,040 ","32,620 ","10,100,000 ",-0.54%
2016년 11월 01일,"33,040 ","32,600 ","33,040 ","32,240 ","10,150,000 ",0.79%
2016년 10월 31일,"32,780 ","32,320 ","32,780 ","32,220 ","11,870,000 ",-97.97%
2016년 10월 28일,"32,280 ","31,600 ","32,280 ","31,600 ","9,830,000 ",2.61%
2016년 10월 27일,"31,460 ","31,420 ","32,340 ","31,120 ","13,830,000 ",0.38%
2016년 10월 26일,"31,340 ","31,940 ","31,980 ","31,240 ","9,730,000 ",-1.88%
2016년 10월 25일,"31,940 ","32,000 ","32,080 ","31,840 ","9,310,000 ",-0.68%
2016년 10월 24일,"32,160 ","31,860 ","32,160 ","31,800 ","8,750,000 ",-97.98%
2016년 10월 21일,"31,780 ","32,120 ","32,260 ","31,760 ","10,320,000 ",-1.91%
2016년 10월 20일,"32,400 ","32,520 ","33,020 ","32,180 ","10,220,000 ",-0.31%
2016년 10월 19일,"32,500 ","31,580 ","32,860 ","31,500 ","14,980,000 ",2.27%
2016년 10월 18일,"31,780 ","31,440 ","31,900 ","31,440 ","10,190,000 ",-0.06%
2016년 10월 17일,"31,800 ","31,300 ","32,040 ","30,760 ","12,660,000 ",-97.98%
2016년 10월 14일,"31,540 ","30,960 ","31,760 ","30,940 ","14,150,000 ",1.28%
2016년 10월 13일,"31,140 ","31,000 ","31,620 ","30,900 ","21,050,000 ",1.43%
2016년 10월 12일,"30,700 ","29,900 ","30,900 ","29,880 ","37,540,000 ",-0.65%
2016년 10월 11일,"30,900 ","32,000 ","32,500 ","30,900 ","34,090,000 ",-8.04%
2016년 10월 10일,"33,600 ","33,000 ","33,780 ","32,560 ","25,070,000 ",-98.03%
2016년 10월 07일,"34,120 ","34,000 ","34,320 ","33,800 ","21,380,000 ",0.89%
2016년 10월 06일,"33,820 ","33,920 ","34,000 ","33,340 ","27,880,000 ",4.45%
2016년 10월 05일,"32,380 ","32,020 ","32,520 ","31,940 ","11,450,000 ",0.31%
2016년 10월 04일,"32,280 ","32,200 ","32,480 ","32,120 ","10,240,000 ",-97.98%
2016년 09월 30일,"31,960 ","31,800 ","32,300 ","31,700 ","11,530,000 ",-0.13%
2016년 09월 29일,"32,000 ","31,460 ","32,380 ","31,440 ","11,380,000 ",2.11%
2016년 09월 28일,"31,340 ","31,080 ","31,460 ","31,080 ","7,810,000 ",-0.13%
2016년 09월 27일,"31,380 ","31,000 ","31,500 ","30,660 ","9,830,000 ",0.06%
2016년 09월 26일,"31,360 ","31,420 ","31,920 ","31,280 ","13,150,000 ",-98.00%
2016년 09월 23일,"31,420 ","31,640 ","31,960 ","31,320 ","16,720,000 ",-2.90%
2016년 09월 22일,"32,360 ","32,000 ","32,820 ","31,980 ","11,010,000 ",1.63%
2016년 09월 21일,"31,840 ","31,900 ","32,020 ","31,520 ","9,960,000 ",0.44%
2016년 09월 20일,"31,700 ","31,180 ","31,760 ","31,180 ","12,920,000 ",1.73%
2016년 09월 19일,"31,160 ","30,760 ","31,380 ","30,720 ","21,330,000 ",-97.96%
2016년 09월 13일,"30,540 ","30,160 ","30,980 ","29,900 ","24,650,000 ",4.23%
2016년 09월 12일,"29,300 ","29,800 ","30,120 ","29,120 ","26,220,000 ",-98.14%
2016년 09월 09일,"31,500 ","32,220 ","32,360 ","31,280 ","13,040,000 ",-3.90%
2016년 09월 08일,"32,780 ","32,460 ","32,780 ","32,280 ","11,840,000 ",1.11%
2016년 09월 07일,"32,420 ","32,960 ","33,040 ","32,420 ","9,570,000 ",-1.34%
2016년 09월 06일,"32,860 ","32,140 ","32,900 ","31,940 ","7,660,000 ",2.30%
2016년 09월 05일,"32,120 ","31,800 ","32,300 ","31,700 ","8,360,000 ",-97.99%
2016년 09월 02일,"31,940 ","31,900 ","32,260 ","31,760 ","8,070,000 ",0.63%
2016년 09월 01일,"31,740 ","31,660 ","31,760 ","31,260 ","18,740,000 ",-2.04%
2016년 08월 31일,"32,400 ","32,820 ","32,820 ","32,220 ","20,480,000 ",-1.52%
2016년 08월 30일,"32,900 ","32,940 ","33,420 ","32,660 ","7,840,000 ",0.30%
2016년 08월 29일,"32,800 ","32,040 ","32,800 ","31,940 ","8,840,000 ",-97.97%
2016년 08월 26일,"32,240 ","32,120 ","32,460 ","32,060 ","12,050,000 ",-1.65%
2016년 08월 25일,"32,780 ","32,600 ","33,180 ","32,440 ","14,120,000 ",-0.85%
2016년 08월 24일,"33,060 ","33,600 ","33,640 ","32,720 ","15,870,000 ",-2.02%
2016년 08월 23일,"33,740 ","33,300 ","33,880 ","33,140 ","10,930,000 ",1.32%
2016년 08월 22일,"33,300 ","33,480 ","33,840 ","33,180 ","12,590,000 ",-98.01%
2016년 08월 19일,"33,500 ","32,760 ","33,500 ","32,720 ","15,290,000 ",2.13%
2016년 08월 18일,"32,800 ","31,340 ","32,880 ","31,320 ","17,870,000 ",4.73%
2016년 08월 17일,"31,320 ","31,380 ","31,400 ","31,020 ","6,850,000 ",-0.13%
2016년 08월 16일,"31,360 ","30,900 ","31,520 ","30,900 ","10,700,000 ",1.49%
2016년 08월 12일,"30,900 ","31,180 ","31,400 ","30,880 ","10,370,000 ",-0.90%
2016년 08월 11일,"31,180 ","30,820 ","31,180 ","30,520 ","10,370,000 ",1.17%
2016년 08월 10일,"30,820 ","31,340 ","31,400 ","30,680 ","12,060,000 ",-1.66%
2016년 08월 09일,"31,340 ","31,480 ","31,580 ","31,140 ","8,760,000 ",-0.13%
2016년 08월 08일,"31,380 ","31,320 ","31,500 ","31,120 ","10,320,000 ",-97.99%
2016년 08월 05일,"31,220 ","30,580 ","31,280 ","30,500 ","6,900,000 ",2.90%
2016년 08월 04일,"30,340 ","30,380 ","30,660 ","30,340 ","7,000,000 ",0.00%
2016년 08월 03일,"30,340 ","30,960 ","30,960 ","30,340 ","7,500,000 ",-2.00%
2016년 08월 02일,"30,960 ","31,360 ","31,360 ","30,920 ","8,310,000 ",-1.28%
2016년 08월 01일,"31,360 ","31,380 ","31,600 ","31,200 ","11,110,000 ",-97.96%
2016년 07월 29일,"30,780 ","30,400 ","31,140 ","30,220 ","14,930,000 ",2.12%
2016년 07월 28일,"30,140 ","30,660 ","30,720 ","29,960 ","9,460,000 ",-1.31%
2016년 07월 27일,"30,540 ","30,240 ","30,580 ","30,240 ","6,330,000 ",-0.20%
2016년 07월 26일,"30,600 ","30,000 ","30,620 ","29,960 ","7,210,000 ",1.86%
2016년 07월 25일,"30,040 ","30,000 ","30,460 ","29,900 ","7,580,000 ",-98.02%
2016년 07월 22일,"30,320 ","30,120 ","30,560 ","30,120 ","8,270,000 ",-1.75%
2016년 07월 21일,"30,860 ","30,800 ","30,940 ","30,740 ","7,950,000 ",0.19%
2016년 07월 20일,"30,800 ","30,660 ","30,840 ","30,480 ","7,760,000 ",0.46%
2016년 07월 19일,"30,660 ","30,560 ","30,800 ","30,440 ","10,120,000 ",0.00%
2016년 07월 18일,"30,660 ","30,360 ","30,660 ","30,000 ","10,920,000 ",-97.98%
2016년 07월 15일,"30,360 ","30,000 ","30,440 ","29,720 ","11,590,000 ",1.20%
2016년 07월 14일,"30,000 ","29,620 ","30,000 ","29,520 ","12,380,000 ",1.28%
2016년 07월 13일,"29,620 ","29,920 ","29,920 ","29,260 ","9,900,000 ",1.16%
2016년 07월 12일,"29,280 ","29,980 ","30,100 ","29,200 ","10,970,000 ",-1.68%
2016년 07월 11일,"29,780 ","29,200 ","30,000 ","29,200 ","13,430,000 ",-97.96%
2016년 07월 08일,"29,200 ","29,000 ","29,500 ","28,980 ","12,340,000 ",0.69%
2016년 07월 07일,"29,000 ","28,420 ","29,000 ","28,320 ","11,310,000 ",2.04%
2016년 07월 06일,"28,420 ","28,940 ","29,040 ","28,240 ","16,040,000 ",-3.27%
2016년 07월 05일,"29,380 ","29,320 ","29,500 ","29,240 ","7,770,000 ",0.20%
2016년 07월 04일,"29,320 ","29,280 ","29,480 ","29,020 ","7,840,000 ",0.00%
2016년 07월 01일,"29,320 ","28,540 ","29,580 ","28,540 ","14,340,000 ",2.88%
2016년 06월 30일,"28,500 ","28,160 ","28,900 ","27,940 ","13,650,000 ",2.08%
2016년 06월 29일,"27,920 ","28,160 ","28,240 ","27,820 ","10,410,000 ",-0.21%
2016년 06월 28일,"27,980 ","27,800 ","28,080 ","27,580 ","10,690,000 ",0.07%
2016년 06월 27일,"27,960 ","28,000 ","28,100 ","27,700 ","11,840,000 ",-0.14%
2016년 06월 24일,"28,000 ","28,900 ","28,900 ","27,200 ","20,500,000 ",-2.10%
2016년 06월 23일,"28,600 ","28,880 ","28,900 ","28,540 ","11,210,000 ",-1.04%
2016년 06월 22일,"28,900 ","28,920 ","29,000 ","28,620 ","8,860,000 ",-0.21%
2016년 06월 21일,"28,960 ","28,640 ","28,980 ","28,520 ","9,680,000 ",1.19%
2016년 06월 20일,"28,620 ","28,540 ","28,960 ","28,520 ","13,420,000 ",-97.99%
2016년 06월 17일,"28,520 ","28,200 ","28,700 ","28,200 ","16,410,000 ",1.21%
2016년 06월 16일,"28,180 ","28,260 ","28,340 ","27,900 ","14,450,000 ",-0.28%
2016년 06월 15일,"28,260 ","27,700 ","28,320 ","27,660 ","15,110,000 ",2.39%
2016년 06월 14일,"27,600 ","27,420 ","27,720 ","27,380 ","12,170,000 ",0.66%
2016년 06월 13일,"27,420 ","27,920 ","27,920 ","27,240 ","14,510,000 ",-98.05%
2016년 06월 10일,"28,120 ","28,480 ","28,500 ","28,080 ","14,470,000 ",-1.68%
2016년 06월 09일,"28,600 ","28,160 ","28,600 ","28,120 ","25,630,000 ",1.71%
2016년 06월 08일,"28,120 ","28,380 ","28,380 ","27,780 ","17,350,000 ",0.57%
2016년 06월 07일,"27,960 ","27,720 ","28,040 ","27,600 ","23,020,000 ",-97.97%
2016년 06월 03일,"27,540 ","27,400 ","27,580 ","27,280 ","15,550,000 ",0.88%
2016년 06월 02일,"27,300 ","27,000 ","27,440 ","26,920 ","23,640,000 ",2.40%
2016년 06월 01일,"26,660 ","25,960 ","26,820 ","25,900 ","23,250,000 ",3.17%
2016년 05월 31일,"25,840 ","25,600 ","26,000 ","25,360 ","59,920,000 ",0.94%
2016년 05월 30일,"25,600 ","25,940 ","25,940 ","25,480 ","10,230,000 ",-98.00%
2016년 05월 27일,"25,640 ","26,000 ","26,020 ","25,460 ","13,100,000 ",-1.08%
2016년 05월 26일,"25,920 ","25,980 ","26,060 ","25,900 ","11,590,000 ",0.08%
2016년 05월 25일,"25,900 ","25,660 ","25,960 ","25,480 ","11,850,000 ",1.89%
2016년 05월 24일,"25,420 ","25,720 ","25,780 ","25,360 ","9,560,000 ",-1.17%
2016년 05월 23일,"25,720 ","25,380 ","25,720 ","25,380 ","8,040,000 ",-97.97%
2016년 05월 20일,"25,380 ","25,400 ","25,600 ","25,380 ","7,960,000 ",-0.08%
2016년 05월 19일,"25,400 ","25,360 ","25,540 ","25,320 ","9,210,000 ",0.16%
2016년 05월 18일,"25,360 ","25,280 ","25,420 ","25,100 ","8,700,000 ",0.32%
2016년 05월 17일,"25,280 ","24,980 ","25,300 ","24,980 ","9,090,000 ",1.28%
2016년 05월 16일,"24,960 ","25,060 ","25,260 ","24,940 ","11,630,000 ",-98.01%
2016년 05월 13일,"25,060 ","25,620 ","25,620 ","25,020 ","12,260,000 ",-2.19%
2016년 05월 12일,"25,620 ","25,840 ","25,840 ","25,500 ","7,580,000 ",-0.85%
2016년 05월 11일,"25,840 ","25,920 ","25,980 ","25,740 ","8,700,000 ",-0.31%
2016년 05월 10일,"25,920 ","25,980 ","26,000 ","25,760 ","8,350,000 ",-0.23%
2016년 05월 09일,"25,980 ","25,800 ","26,000 ","25,700 ","13,660,000 ",-97.99%
2016년 05월 04일,"25,800 ","25,440 ","25,800 ","25,240 ","13,890,000 ",2.30%
2016년 05월 03일,"25,220 ","25,340 ","25,400 ","25,120 ","7,890,000 ",0.88%
2016년 05월 02일,"25,000 ","24,940 ","25,240 ","24,900 ","7,010,000 ",-97.99%
2016년 04월 29일,"24,900 ","25,200 ","25,340 ","24,840 ","14,630,000 ",-1.58%
2016년 04월 28일,"25,300 ","26,000 ","26,000 ","25,220 ","13,940,000 ",-2.69%
2016년 04월 27일,"26,000 ","25,880 ","26,000 ","25,720 ","8,240,000 ",0.31%
2016년 04월 26일,"25,920 ","25,700 ","26,100 ","25,660 ","7,930,000 ",1.17%
2016년 04월 25일,"25,620 ","25,700 ","25,700 ","25,420 ","4,590,000 ",-98.00%
2016년 04월 22일,"25,600 ","25,880 ","25,880 ","25,540 ","5,730,000 ",-1.08%
2016년 04월 21일,"25,880 ","26,000 ","26,020 ","25,760 ","7,240,000 ",-0.38%
2016년 04월 20일,"25,980 ","25,640 ","26,000 ","25,640 ","7,320,000 ",0.85%
2016년 04월 19일,"25,760 ","25,880 ","25,920 ","25,660 ","7,210,000 ",-0.85%
2016년 04월 18일,"25,980 ","25,900 ","26,100 ","25,840 ","6,420,000 ",-98.00%
2016년 04월 15일,"26,000 ","26,180 ","26,200 ","25,800 ","6,830,000 ",0.00%
2016년 04월 14일,"26,000 ","26,000 ","26,040 ","25,780 ","16,630,000 ",-97.96%
